chr	start	end	strand	ensembl_transcript_id	FPB_circ_rep1	FPB_circ_rep2	mean_FPB_circ	cDNA
chrX	153957909	153958024	-	ENST00000310441.12	0.824685837992	1.56862065978	1.196653248886	GTGAGTGATGGGTGCTGCCAGGCTACGGCCACTGCCAGTGGTGAATGGCCGCCCTGGGCCAGCTCCAGGAGAGTCTCAGCCAGGCCATGCCCTTGTTTGGTTTCCAGATCACTCC
chrX	153957910	153958024	-	ENST00000310441.12	0.824685837992	0.62744826391	0.726067050951	GTGAGTGATGGGTGCTGCCAGGCTACGGCCACTGCCAGTGGTGAATGGCCGCCCTGGGCCAGCTCCAGGAGAGTCTCAGCCAGGCCATGCCCTTGTTTGGTTTCCAGATCACTC
chrX	154380019	154380214	+	ENST00000369842.8	0.549790558661	0	0.2748952793305	GTAAGGCAGGGGTTGGGTGGGCACGCTGGCACCTTCACCCGACTTCGTCAGGGACCCCGCTCACAGGGAGGACCTGAGACCTCAGTCCCAACCACTCCAGCAGCCTTAGGAGGGAGAAACTGTTACAGGTCCCGAAATGGGATTCAGATTAGGGCCATCAGGCCAGGCGGGGCACACCGATGCCCCCTCTGCTAC
chr13	52465465	52468243	+	ENST00000378037.9	0.274895279331	0.313724131955	0.294309705643	GTAAGATAAAAATTTACTGATCTTTACAATTACAGTGTAGTAGACAATTCGGAATTAATTTGAAACACATCACAACATAACTTGAGAAAATTTTCTTTGTATATGTAGTGGTAATAAATGTTTAAAGGCTGCAAGGATTGCATTATAAAAGCTGTTTGTTGGCTTTCTAAGTCTTTTATTCCTGTATTGGGAATAATCAGATTTTAGAAAATGGATATAAGCTGAAATGTATATTTAATGAAACTTTCTGCATGAAATGTTTTAGCATATTATTGTATGCATTTCCTGGTTGGAAGTTTACTGGGAGACTGAATGTAATATTAAAATTTGTTTATTGAATATAAAGCAAAAGGGATTAAATTCGCTTTTTAAATGTTATCAAGCTCTCTTGGTTTTGTGTGAGAACTCTTTAAGAGTAAACCCGAATGTACTCATATATGTATATATATACACACATATATATACACACATATATATACACATATATATGCACACATATATACACACATATATGCACACATATATGCACACATATATATACACACATACACATATATACACATATACACATATATACACACACACATATATATATAATATGTATACACTGTATATATTGGTCCTTTCTGCATACAGAAAATGGCAATAAACCGGTTTCTCTAACATTATTACCTCTATAGTGCCTCGATACCATACTCCTTATCTCTTCTAGCGTATTGATACACAAAGTTTTGGGTATAGAATAAATCATTTCTTGAGTTTTTTGTTTGGTTGGGTTTTTGTTTTTATGGATACATGTTCTTCAAATATGTTTCCTTTTGACCAGGTTTCTCAGAAACACATTCTTGGAGATTGTTTACATAGATAATTTTTTAAAACTCCCTTTTAAGAAAGATCTATTCACCTTTGTCTCAACAAAATCAACGAACGCTATTTGACTTTTCACTTAAATAAAAAATCAGATATTCAGCAGATAGTCTGTCAGTGGCTGTCATGTGTAAAACTTTCTAGAATGGTAATTATATTTGACAGAATGCTACCTGGAGGGGAGTGTTAGGCCCCTACTACATTGTATCAGAAGGGACATTACTTAAGGCAGCTAAGGACATTGTAGCAAGGATGCAAAACTGGAGCCAAGGCTCACATAGAAAGCAATAATGTAAACAGCAAGATGTAACACCAGAGGAAAAGCTGCTGGAAAACAAGAATCAAAATTAGCCAACATGGCTGGGCACAGTAGTGGATACCTATAGTCTCAACTACTTGGGAGGCCAAGGTGGGAGGATTGCCTGAGCCCAGGAGTTTGAGTCCAGCCTGGGCAACATAGACCCCATCTCTTAAAATTAGTGGCCAGGCATGATGGTTCACGGCTGTAATCCCAACACGTTGGGAAGCCGAGGCGGGAGGATCGTTTGAGTCCAAGAGTTCAAGACCAGCCTGGGCAAGAGGGTGAGACCCCCCATCTCTGCAAAAAATAAAATTTTTAAAGTTTTTTTTTTGGTGGTAGACAGTTGTGGTCACAGCTATACGGGAAGCTGAAGTGGGAGAATTGCTTGAGCTCTGGGGTTCAAGACTAGTGAGCCATGATTATGCCACTGAACTCCATCCTGAGTCAACAGAGCAACACCCTGTCTCAAAAAAAAAAAAAAAAAAAATTAGCCAAGAAAACTGAAAGCAGGATAGCTGAGTAATTCAGGACTCAGTTCTGGAACTAAGACTGTGAATTACACCTTCCCTAATCTTGATTGTGTTGGGTGGAACATAGCAAATGCTTAGGTAAATAATGGTCACTTAGTAATTTTTTGTAAATTTTTGAATGAATGAAGTATGTTGAGATGATCAACCTTAGCTCTTCAGAGATACATTTCATAGCATATGAAACAAAAATATAACCATAGACTTAAATGTAAGAGAAAAGGAGCAAGACTTAAGTAAAATTATGGAGGAAGTTTTAAAATATGAAATTCTAGGCCAGGCGTGGTGGCTCACACCTGTAATCCCAGCACTTTGGGAGGCCGGCAAATCATGAGGTCAGGAGTTCAAGCAAGCCTGGCCAGCATGGTGAAACTCTGCCTCTACTAAAAATACAAAAAATTAGCTGGGCATGGTGGTGCCCACCCGTAATCCCAGCTACTCGAGAGGCTGAGGCAAGAGAATCATTTGAACCTGGGAGGCTGAGGTTACAATGAGCCGAGATCGCACCACTGCATTCCATCCTGGCAATAGAGGGAGACTGTCTCAAAAAAAGAAAAAAGAAAAAAAAGGAAAAGAAATTCTATCCTTCATTTTTACTCTATAAATTGGAAAAGACAGCCATTTTTCGTTTTTGGTTTTTTTGTTTTTGTTTTTGTTTTTTTTTTTTGAGATGGAGTCTCACTCTCTCGCCCAGGCTAGAGTGCAGTGGCATGATCTCGGCTCACTGCAAGCTCCGCTTCCTGGGTTCACGCCATTCTCCTGCCTCAGCCTCCCGAGTAACTGGGACTACAGGCGCCTGCCACCACGCCCGGCTCATTTTTTTGTGTTTTTAGTAGAGACGGGGTTTCACCGTGTTAGCCAGGATGGTCTTGATCTCCTGACCTCGTGATCTGCCCGTCTAGGCCTCCCAAAGTGCTGGGATTACAGGCGTGAGCCATCGTGCCCAGCCAAGACAGCCATTTTTCAATCTTAATTGTAAGTGGTCTGAGAAGCATGGTTTAAGAGCCACTCTTACTTTAAAATACAGTATGAAAATTTAATCGCGACTTGGATACCTAGTTAATGTCAGAGAAAATAAAACTT
chr13	111280350	111280505	+	ENST00000317133.9	0.549790558661	0	0.2748952793305	GTGATAGGCACAAGCTGTGTGAGTGCTGTGTCTCGGGGAGGAGAGGCAGCTTGTCCCCGCGTGCAGATTCTTGCTTGCGTATTTCAGAAGGTGGTGTTTAAGCGCTGAGTGGAATTCTGGGGGGTGTGCACGCACGTGCTTTTTACCTGTGTTTC
chr12	916503	916638	-	ENST00000358495.7	0.274895279331	0.313724131955	0.294309705643	GTATGCGGCCTAAGTCCCCTCCTTTCCTCTGCGGCCCCTCCTGTGTCACGGGGCTGCCTCCACTCAGGCCTCCAGAGCCAGCCAGCCGTGCGTGTCCTCCCAGCAGCCGCGGCTGTTGCTCAGGAGCCCGTCCTC
chr12	31089151	31089378	+	ENST00000542129.5	0.549790558661	0	0.2748952793305	GTAAACAGTAGCCAGTATTTCCACCAGGGGCCATCCTGCTCCTTTCGCCACAACTTTGTCCTGCTCGTCCAGGCCTTGGGAGACGCTGGGTCTGTGACAGGCTGAACCGTGTGAGGAGCAGCCCCCTCCCTGACCTGGCCGGCCCAGCACTGGAAGGCAAAGGAGAGGTGGCGGGGCAGGTCCACGTGTGTTGGTAGGATGTCATTTAGCTGGCACCATCTTTTTGC
chr12	56257383	56257827	-	ENST00000267116.8	0.274895279331	1.25489652782	0.7648959035755	GTGAGTTGGGAGCAGGGAGGATGGCGAGACCGGAATCCTGGCTCCCGTGTTCTGGACCCCTCCCCACCGGTGGGGCGGCTCCGTGTCTCCTCTGCTCAGATGAGGCCGCAGTTCTTTCCATCCTGGAGTGAAAGCCTACTCTGCATTTGGGGATGGAGAGCAGGTCAGGCTTGAAGCCCAGATCACTTGGGCTGGGAATGCCCAGGAACGTTGTTCTCTTCTCAACCTCCGGAGTCTGCAGCGCCCCCACCCCTCCTGGAAAAAGGAGCCGGCTTCTCAGCCCATTGGCCCTGACTCCACCCTCCCTAGGTGCTTGCCTTTGACTCCCAATACCGGGACTTAGGACGCTGCAGAAACTATGGGAAGAGGTTGTGGGGAAGGGCCTGGAGCTCTGAGACTTGGGCTGGGGTCCTTGATAGCCCCCTTACCCCGCGCCCATACTCC
chr12	56257384	56257827	-	ENST00000267116.8	1.92426695531	1.88234479173	1.90330587352	GTGAGTTGGGAGCAGGGAGGATGGCGAGACCGGAATCCTGGCTCCCGTGTTCTGGACCCCTCCCCACCGGTGGGGCGGCTCCGTGTCTCCTCTGCTCAGATGAGGCCGCAGTTCTTTCCATCCTGGAGTGAAAGCCTACTCTGCATTTGGGGATGGAGAGCAGGTCAGGCTTGAAGCCCAGATCACTTGGGCTGGGAATGCCCAGGAACGTTGTTCTCTTCTCAACCTCCGGAGTCTGCAGCGCCCCCACCCCTCCTGGAAAAAGGAGCCGGCTTCTCAGCCCATTGGCCCTGACTCCACCCTCCCTAGGTGCTTGCCTTTGACTCCCAATACCGGGACTTAGGACGCTGCAGAAACTATGGGAAGAGGTTGTGGGGAAGGGCCTGGAGCTCTGAGACTTGGGCTGGGGTCCTTGATAGCCCCCTTACCCCGCGCCCATACTC
chr12	108647274	108647400	-	ENST00000546705.5	0.549790558661	0	0.2748952793305	GTCCCACCCCCACCCCTACAGAAAAAATGGGAGCAAGAACTTGTGCTTGGGAGCTGGTTATTGGTGTGGTCCTAGGGAGGGCGGAAAGGGAGGCACTGCCATTTGGAGACATTCCATTTCAGATTT
chr12	124968673	124968866	-	ENST00000308736.7	1.09958111732	0	0.54979055866	GTAACACAGGGTCCCATGTCCTCTGTGAGCTTGGATGGCACAAGGACGCCCTGGTGTCGGGAGCCCCCTGAGAGACCTCACTTGGTCACAGGGGGGATTGACAGCAGCTTGGAGGGGGTGTTAGAAACCTTGATTCGGAATAATGGGGAAAGGGAAGGCAGCCCTGGGCCGAAGCTCGTGTCCCCCCCACTCC
chr12	132657467	132657867	-	ENST00000320574.9	0.549790558661	0	0.2748952793305	GTGAGTGCCAGTTGCGTTCTCTACTCTTAAAAGTTTACAAGGAAAGCTAGACAGAGCAGAATATGTCTGAGTTGGATTATGTTTTTTGTCTGGCGTCTTCACTCTTGACTTCCTCCTTTCTGATAAGTAATAGGTGAGCACCTAATAACCTTTTAGGGCAAAACTGAAAACATGAAGTGCCTGGGGCCCTTTAGCTGTTCTATTGGATGGACTAAGGCCAGGGGTGTTGGCTCAGCCACCTACTAGCTCTGTGATCTAGAGGAGTCAGTGAAGCTCCCTGCCTTGGTGTCCTCTGTTGTGCAATGGGCACCTTTCATCATAGAGTTTCTGAGAGGATTAAATAAGACACAGTGGTTAGCCCTGTGCTCAGCATGAAGTGAGCCCCACTCTTGGCTGCTGC
chr11	830713	830838	+	ENST00000528542.6	0.549790558661	0	0.2748952793305	GTGAGCACCCGGCCCCTGCCCTGTCCCCACGGTCACCCGTGCACTCTCCCCCTGTGCCTTAGCGTCCCCGGGTTGTCGGGAGCCTGGGGCACGCGCAGCACCCCGGGGAAGAGGGGGCGTTCCTC
chr11	8621343	8621644	-	ENST00000299550.10	0.824685837992	0	0.412342918996	GTACCACTTTGCTTTGCCTTGGCCTTAAACCCTGGCCCAGCCTAAGAGCTTATTCTTTCTGCTACTGCCCGAATTCTGACTCTGGGACCTTTCCTGAGTCTCTGATGGGGCTGCAGCTTGGCCAGACGTTGTCCCCTGCTGCAAGGTCCTGTGAGATGCATATTAGGAGTGAGGTGTCCCAGCATTCATGGGGCTTGCTGGCTTGGGGTCCTGGAATAAGTGGCTCTCATGTAGGCATGCAGGGCCTGCCAGTCTCTCCCTCCCCTCCCTCGAGAGCTTGTTGGTTCTGTGCTCTGGCTGC
chr11	47161190	47161438	+	ENST00000528488.5	1.92426695531	0	0.962133477655	GTAAGTGTCAAGTGGGAGGATACTGCCCCCTTGTGGGGGCCAGACGGGTCGGACACGGCTGTGCCCCATCTGGGGCCAACACCACTTGTCTGTAACATCCCACATCTGCCAGGGAAGGGTCTGGGGGCCAGTGGAGGCCTGAGGTGTCCCTCCCTCTGAGTCCTTTGGGGGCTGCAGCCCAGGGGTTTACCCTAGTGTTAAGAGTGGGCATGGAGGCCCTGCTCTCTGTACAGGAGGCCTCTCGCTGC
chr11	47420436	47420630	-	ENST00000602866.5	0.549790558661	0.62744826391	0.5886194112855	GTGAGTATTAGCACTCCCAGGCAAAGATGATGAGGCTCAGAGGTCAGGAGCTGTCAGGCCCCCAGCTAGCCAGTGGTGGAGCTGGAATGAGAATTGGGATCTGTCTTTAACATCCCATGTGTCTCACCTGCACTCTGGGGGCTGCCTCTCTGCCTTTTTTGACCGTGTCTGCCCATCTGTGAACACCTTGCTCC
chr11	47420437	47420630	-	ENST00000602866.5	0.274895279331	1.56862065978	0.9217579695555	GTGAGTATTAGCACTCCCAGGCAAAGATGATGAGGCTCAGAGGTCAGGAGCTGTCAGGCCCCCAGCTAGCCAGTGGTGGAGCTGGAATGAGAATTGGGATCTGTCTTTAACATCCCATGTGTCTCACCTGCACTCTGGGGGCTGCCTCTCTGCCTTTTTTGACCGTGTCTGCCCATCTGTGAACACCTTGCTC
chr11	47420439	47420630	-	ENST00000602866.5	0.274895279331	1.56862065978	0.9217579695555	GTGAGTATTAGCACTCCCAGGCAAAGATGATGAGGCTCAGAGGTCAGGAGCTGTCAGGCCCCCAGCTAGCCAGTGGTGGAGCTGGAATGAGAATTGGGATCTGTCTTTAACATCCCATGTGTCTCACCTGCACTCTGGGGGCTGCCTCTCTGCCTTTTTTGACCGTGTCTGCCCATCTGTGAACACCTTGC
chr11	65083747	65083932	-	ENST00000275517.8	0.549790558661	0.313724131955	0.431757345308	GTGAGCGGAGGGCGCGCGGGAGACGTGAGGTCGAGCCGTTTGGGGGACGCAGTCCGGTGAAAGATGGCCTCTTCCCTCCCGCTGCCGCCGCCGGAGGAGGCGCCCTTAAAAGGGCTTGTTTGGGAATCTTCTCGCTGTCTCTAGAACCTGTTCTCTGGACTCTAAGGTCTAGAGTCCTCCTCTAC
chr11	123058627	123058766	-	ENST00000453788.6	0.274895279331	0.313724131955	0.294309705643	GCATACCTCCTGCACCCCGAGGTGTTCCTCAGATTGAAGTCACTTTTGACATTGATGCCAATGGTATACTCAATGTCTCTGCTGTGGACAAGAGTACGGGAAAAGAGAACAAGATTACTATCACTAATGACAAGGGTAA
chr10	73789824	73789930	+	ENST00000604729.5	0.549790558661	0	0.2748952793305	GTGGGTGAGGTCGGCACCCCCTCCTGCAATTAGCTCCGGGCCAGGCCGCATAACAGCCTTCCTGTTAGGCCCAGGCCTCCATGGGTTCACCTAGGCCGTGTTCTGC
chr10	80504778	80507204	+	ENST00000429989.7	0.549790558661	0.62744826391	0.5886194112855	GTAGGTGTAACTGTCGCAGGACACTGAGCTTCAGGCAGCCAAAACCAGATTCGTTGGACTTCATTTTCCCTCCTCCAATCTGTTCCCTGACAACAAGCATTTCTTGTGCAGTGTCAAGGTGTATAATTGTCAATCTTTACAGACACAGCTCTTGCGTACTCTGCCCACATGATAGTATTGGCTGCTGGAGGTATGGGCTGGGCTGGTTGGGTTTTGAGCCCTGTGGATGTGGAGAGCTCAGCTCTTGTATGCAGCTGTGCCCAGAGCAGGCTTGGGCAATCCAGCTTCCTGACCCTGTCTGTGCCTCTGGGAGCAAGCGGGCAGGTCCCTGAATACAGGCATGCTTATTGTGGAAGCCCTTATCCTCCAGGATGAGAAAGAGCAGGCAGCAGGGAGCGGGGCTGGGTGACATGCCCCCAGGGTGCCCTGTGGGGCAGGGGTGGGCCTTTAAGCACCTCTGGGCCTCCTTGCCCAGCCTCAGGAGGAGAGGGGAGGAGTGGAGACCTGGCTCCTACTGTCGGGAAGGACATGGTGCAGTTGCGGCTCCAGGAAGGGGATGAGACTGGATATGGGCAGGGTGGGGCTGTGCTGCTGCTTGTTGCCCTGTGGCAGGGGTGCTGGGGAGGCAGTGAGGGCTGAAAAAGGCCAGGGAGGGAAGAGGGGAGGGGAGGGAAGCAGTAAGGTGGAGCAGGCCTGGCCAGAAAGAGCCAGGAATAAAGCTTCCTCTAGTGTCTTGAGCCTAGGCCTTCTTCCTTCAGTGGAACCTCCCTTTGCTTCCAGCAGGAGGAGGCAGGAGAACCTAGGTCTACAGGCTTTCCTGCCATGGTCTTAGGGACTGGATAAGGCCCACCTTCAGGTTTGGGCACCTTCCAAGTGGCCTGTGAACCCCTAAAGGGCAAGAGCTGGGGTACGATGTCCCTTTGCCCCAGTGACCCAGAAGCAGGTTCAATCTGTGCCTCACAGCACCACCGTGTGGCTTCCCCTGGGACTGCAGCCGCCTAACTGGGTGTGGCCCTGAGTGTGGAGCTGGCTACTACAATTCCTTTGAATCTGTCGATCTAAAATAAGTGAAAAGGCCAGAACCTAGTTTAGAGAGAGTTTATTCAAGCACACATGTTGAGGACAGGCCTACCCAGGAAGCACAAATTCCAAAGAATGGAAGTCAGCCTTCCTGTTCGAAATGTAGGAGCTTGGGATCATTTATCCAGCCAAAGCCAGACAGAGACTCTGTTGCCCAGGCCGGAGCGCAGTGGCTGGATCTTGGCTCACTGCAACCTCCGCCTCCCTGGTTCAAGAGATTCTTGTGCCTCACCCTCCCAAATAGCTGGGATTACAGGCATGTGCCACCATGCCTGGCTAATTTTTGTATTTTTAGGTAGAGATGGGGTTTTGCCATGTTGGCCAGGCAGGTCTTGAGCTCCTGGCCTCAAGTGATCTGCCCTCCTCGGCCTCCCAAAGTGCTGGGATTACAGACGTGAGCCGCCATGCCCAGACACCTATGTATGTCTTGATGCTTAGTCACAATGTTCTGATTAGTTGAGGCGGTCTTTTTCTTTCAGGAAAGGTATGTTTAACATTCCACACTGAAGATGTAATTGTCCCTGGGTCTTAGATGATATCTGATCTGAGTTAGTAAAGAACAATGAAGGAAGCAGTTAAACTATAACAGAGATCAGTGACTGGAAGGGGGGCTGTGGTCTCTCCGGTCCCTTAGTTCAACCATAATCTAAGAAACAGAATTGCAAACATGCTACATGACTCAGTCTCCAGGGCTTAGCTTCCCCCTTGGCGTTTTACAAACCCTATGGAACTGCTCTGCCCATTGTGTGACTGTGTTTATATTTAAATTGAAATTGAATATAAATTAAAATTCAGTCCTTCTGTCTCATTAGCCACATTTCAAGTGCTCCACGATACCTGTGGCCAGACAGTGGGGGTATAGTCTAAAACACCTCCATTGGTGTAGAAACTTCTATGGACAGCATTGCTTTGGCCTGCCCTTGGGCGTGTTTTCTACTAGAGTGTTCATATTGAGGCTGTTTTCATCTCAGAAGAGTAGTGTTCTTCATTAATTAGGTGCCAAATTGGGGGACTAACAAGGTCAGCCACCTGGGTGACCAGTTTGACCACAGGCCACAGGGCCCCGTTTCCCTCCAGGCCTGGAATAGGCACCCCACAGGCTGCAGAAGAAGCCTGGTGGCTGCCTAGGAGGAACTTGTAGCGTAGGTGGAGGCCAGGAACACTTTCTGGGACCTGAGGTGGGCAGGGATCGCCTGGTCGGAGGGGCCCCTAAGGGCATGGATGGGGCCGGACTCTGGCCTGGCTGTCAACAAGAGGGCTGAGCCTGGGGAAGCAAGTCCCTGTTTTCAGTACCACCTGCATCCCCCAGGGCAGCATCCTTGACTCCCCTTCTGGGCCAGTGCTGC
chr10	97459766	97460045	-	ENST00000495415.5	0.549790558661	0	0.2748952793305	GTGAGGAGTCTGAAAGAAGGTCCCCACATATACACATCTCTCCTTTGCTTGGCCACATTCCCTAAGATAATTTAGGGCCCGCTTGCTTCTTTAGAGCTATATTGTGGTCTGTGCCTAGAAGACTAAACTTCTAGATTCTTGTCCCACTTCTTCCTTTCATGGGCGTATCTTGCTTATTCTGAGCGTGAAGGGCTCTTTCACCCGTTTGTAGGCTGATGTCTCAGCCTCACCACAGATTGGAATTGATTTCTCAAGCTATATATCTAAGTCCAATTTCTC
chr17	29115462	29115663	-	ENST00000527372.6	0.274895279331	0.313724131955	0.294309705643	GTACCCTTTGTCCCTTGGCTGGTAGTTGTGAGTGTGAGGCCTCATCTGGGGCTTGCTGCCATCCCTGGGGCGGGAGGGGACTGCTGGAGTGAACAGATGCTCTGTCAGTGGCAGAGGCCCTGCCCCAGGCCCCGTGCTGACTGGGCCCTGGGCAGGTCAGGGGCTTACCCAGATGGGGAGCCCTGGGGAGAAGGAGATAGC
chr17	35103354	35103453	-	ENST00000593039.5	0.274895279331	0.313724131955	0.294309705643	GTGAGTGATGTGGCAGAGCCTGGGGCCAGTGGAATGTGACCTCGCCTCCCAGCTCTGGAGTCTGGTCTCTGGCCAGCCCCATCCCTGGTTCCCCACTGC
chr17	75563178	75563302	+	ENST00000167462.9	0.824685837992	0.313724131955	0.5692049849735	GTAGGCAGTGCCCAGGACATGGCAGGCGCCATGTTGCTCTCCCAGGGCCCCAAGTGGCACATACACACTGTGCAGAGGCATGGGGTGCAGGCGATGGGAACGCCGCCTCGGTCCAGCGTGCTGC
chr16	669606	670100	+	ENST00000563776.6	0.274895279331	0.313724131955	0.294309705643	GTGAGCCCTCAGTGCAGACCCCAACAGCAGAGACACAGTGGCCGGTGGTGGCCCAGGTGGACCTTCACCCAACCCGTGGCCAGTGCCATCGCTCACAGCATTTTGGGGAGCCTGACGTGGAGTTGCCTGACGTGGAGTCACCCGGCCCTCTCCTGTGATCCCACTTCCCCTGAGAGGGTCTGGGGCGTCCCGCAGTCTGAGCCATTGAGGCCGGCAGTCCTCTTTCTTCCCCAGTTTCCAAACCCCCGGGGGGGGACCCGCAGAGGGCCTGCGTTGGGGGCGGCCCTAGGCTTGGGCCCCAGTGACTTGGGGGTGTTTGGGAGCCATTGGGGTCAGACAGATGAGGCTGCACCTGCTGCCTGCCTTCTCCCACCAGCTTTGTTCCTGTGGCCGGGACTTGGGCCCTCAGTGGGCCTTGACCTCCCCCTTCTGCTCTCCCCCAGCCAGGCTCATGCTCCAGCTGGGAGCCATGTGCCCGCGGGCAGCCTCACTTC
chr16	1962932	1963148	-	ENST00000343262.9	0.824685837992	0	0.412342918996	GTACCCGGCTGTCCTGGAGGGGGCTGCGCTGGGCTTGCCGGGACTCTCTCGGCTCTGCATAGTTGCACTTGGCTTCACCCGTGTGACTTTCGTAACGGGGAGAGAGAGAAAAGATCTCCTCAGGACCTCGGATGGGCCTTACTGTGGCCTCTCTTTCCTTGAGGGGTGCAACAGGCCCTGGGCGGTGGGCAGTGATTGGGTGTAGGGCCACCAGCT
chr16	2002753	2002990	-	ENST00000562988.5	1.09958111732	0.941172395865	1.0203767565925	GTGTGCCCCCCCAGCGACCCCGGAGAGAGCCTAGGCGGTGGGTGGTGCAAGGGATGTGGCCACACGGCTGGGAGGGGCTTGTCCACCTGCTGCTTCTGGCCCCGGATGGCCCCCTGAGGGTCAGGCTGCACGTGGCAGGGAGGCCTCTGGCTGCTGGCGGGGCCCTCTCCCGCCCCTTGCTGCTCCGCCACTGGCCTGTGGGAAGAGGCAGGAGGCTTGGGGTCCCCCAGCCTGTGC
chr16	28835758	28835907	+	ENST00000563314.5	1.64937167598	2.50979305564	2.07958236581	GTAAGAGCCCAGCTGTCCCACTTCTGGGTCTGTTTGCCAGGGCCCGTCTGCCATGGGGACCATCCCATTGCCAAGTCCCTGGTGCCACCCTTGCCATAGTGCTCCCTAACTCTGGCTCTCAGAGTCTGTTTCAGGATTCTGTGGTCTTC
chr16	89770044	89770165	-	ENST00000389301.8	2.19916223464	2.50979305564	2.35447764514	GTGAGGCTCTCCTTCATGGGGGCCACCCTTGGGGGCCCACTCTGAGGGCCAGGCTGCTACTTCTCAATTCGTCTTCAGTGCCCTGGAAAATTCCAGCTTGGAAGAGGGCAGTCTGCTCTGC
chr16	89770049	89770165	-	ENST00000389301.8	0.549790558661	0	0.2748952793305	GTGAGGCTCTCCTTCATGGGGGCCACCCTTGGGGGCCCACTCTGAGGGCCAGGCTGCTACTTCTCAATTCGTCTTCAGTGCCCTGGAAAATTCCAGCTTGGAAGAGGGCAGTCTGC
chr15	43793083	43793689	+	ENST00000381359.5	0.549790558661	0.941172395865	0.745481477263	GTAGCCCCAGGGAGGGGAGGGAAAGGGACGGTGGAGACCTGGGTTAGACCAAGGGTTATAGAAGGAAAGAGAGCTACCTCAGGGCTTGAATGTGGACTAGTCGTGAGGAGCAGAGTGCATTGCTTCCTCTAGGGTTTTATTTCCTCCCCACCCTCCAAATTGTTAGCTCACAGCCTTACAGGAAAGGACGGGGGCGGGCGCCTGCCCTCAGTCTGATTTCTGAGCGTCCCTGGGTCTGACCTTAAGGGCAAGGGCAGGGAGCTTCACATTTCAAATACAGTTGTGGTTACGGCAGCCCAGTACTTTTGGCCCTCCTTGCTGTTCGGTTCTCCTCCCTTCTCCCAACCTCCTCACTGGTGTTGCTGGGTGTGGTCCTCAATACAGAATAGAGACCCTTGGGCCTGTGTCACCAGACTTCTGACCCCTTGGGCAACAGCCAGATGGAGACTGGTCGCCTTTTGAGCCTCAGCTCTCTTCCTCTTGTTCTCCTAGGGTGGGAGTACAGCAGCCAAACGCTGAACTTAGTCCCATCCACTTCCATCTTATCCTTTGTGCCCTTCATCCCCCTGCATCTTGTCCTTTTTGCCCTCTGGTACCTCCCAGTGC
chr14	23301878	23302159	-	ENST00000452015.8	0.274895279331	0.62744826391	0.4511717716205	GTAGGCGGCGGGGGCACCTCCCCTCCTGGGGACCTCCTCCAGTCGGCCGCAGCGGGCTTGTGGGAGTGGATTTGCCAAAGAGCACCCATCTCCATCCCATCCCTGGGCTTGCGCCTGCCCATCCCTTTTGGGGACCCCATCTGCGAGTGGCTCTAGGCCACCCTGGCAGCTGGGCCGCACTCTGCCGGCCTGGACGCCGGGGTCGGCCTCTGATTGGTCCAGTGCCTTGCTCTGACACCGCCCCCTGTCTCTCCCCTCTCTCCGCCCTGGGCTCCCTCCTC
chr14	67691270	67692437	-	ENST00000381346.9	0.274895279331	0.313724131955	0.294309705643	GTAAGTGTAGAACTAGAGAGACTATGTTGTGGGTCTTGAGGTCAACATGGCAGATTCAACTAAAAGGAAAAGGTCCCTCTTCCTCATAGAAGTGGTGGATAAAATATAGCCAAAAACTTCTGTAGCTGAACTCATAGTCACTGGGACACAATTTATGTCAAAGGGATATCTTCCAGAGGCAGAAACAAAAAATGAATTCAAAACGTCATAGCAGTGAGTAAGAGCTGAAGCCAGAAATCTCATGGGAGTCTCAGCACTCAGTACAGGCTTTTTAGGGTCTGGGGTCTAAATACTTACACAGGGATAGGAGATGAGGCCACAGGCCTTTGAGAGCTGGAGCTGTATTTGAGGTTCTACACAAAGTTGAGATTCACAAAGGGCCATCTGGTCCATAGTATAGAAGCTAATAAAAATCCTGGCCACCAGCTCAGAGACATGACAAAGAAGTTTACCATCTCTTTAGACATAGATGGATACTTACCTGCAAAAAATTAGAACCCGAGCTGGCATCATGTGTGGGGTCTGAATTCGTACCACCAAATGATATGAGGATATTTATGGGTTTGATTTTTGTATGTGTGTGTAATACTCTATGGAAAATTAACGTAAAAACCTGTAGTGTCTCATCAAAAGCAAATCCAAGAGCACTCTATAGGCATATCCCCTTATAGCCCAGGGATCTAGGCCTCCAAGGAAAAAGCTTTCACTGGTGTGAACTCATAGTCATAAATTACAAACCACATGAGGAAATGAACCATGAGAGAGAATTGGAAGATGCAATAAAGAGGTGAAGCCAGTATTTATTTCTTTGGGGACCTGAATCCCAGGGCAGAGGTACATAGAGAACATTCTTTTTTCTCTTGCTTTGGAATCTTTCCATTCAGCTTGGGAAGTCTTTTTATTGAGAGAGGTGGATGCAACAATTCCCAAAAGCAGTGAGTAAGTAGCTCCTGAACTACAAGGATCTGGAAGGTCATTTGGTAGTATAAAATGGAATTCTGCCCCATAGTAAAAGTAGGTGGGATTCAACTAAAGTCTTAAAATGAAAAACAATAGAAAATAAATATGAAGGAAAAATGGAGGGAAGATTGAAGTCCTGCATCCTCATTTTCAAAGCCTGAGCGTGAGGCAGCTTTCTAAGATGTAATAGCCTTGGCTAGCCACTTC
chr14	76082367	76082591	+	ENST00000314067.10	0.274895279331	0.313724131955	0.294309705643	GTAGGTTAAATCAGATATGATTGGGGAGGCAAAGAACACGTGAATTAATACACTCCAGATATCATCTATAGTGGACCTTGATGTCAATCTGGATCTTTCTGGTGTTGGGCTCCATCCAGGGTTCCCATTTTGTTATTCCCATTCTGGTCATCCCCTGCTGTATACAAGGTTCTGGGGACGGTGGCCCGGCAGCACTCCTGGAACAGGTCCTGCCTGGGGTTCCC
chr14	76173625	76176601	+	ENST00000554375.5	0.274895279331	0.313724131955	0.294309705643	GTGATACCTCTCACAGTTAGCTTGGCTCAGTGGGGAGATAATATTCCCTATGGGAGTTGTGTATCCTATTAACAATCAGAGGTGCTACAGAACTCCCTGAAGTTAATGGAGCCAACTGGAATGTGTTGGGAGTTTACAAGAGTGAACATTATGTAGAATGTGAATGGATATACAAATAAAAGATGAAACGTAATTCATATAGAAGTACTGACAAAAAAAAAAAACACTGTCATTACAGTGTCTATTGCCTGTAAACCTACAAGCCTGAGCTGTGTCTTCTGTAACTTTTGATTAATGTTATGTTATTATTGTGTAAGTTAAAATACTCTTGGCTTCTTTATGACTCCTCTTGAATTCATGAATGCATCTTTGTTCTTTCCTAATTTTGGTCTTTCATCCTAGAATTCATTAAAAAAAAAAAACAAAACTGTTACTGAGTTTCAAGAGCCCCTCCTTGGCCATGAGGGAGAACTATCTGCTGTTTATTCAGTTCTGCCTTTGCCAGGGATGGTACTAGGGACTCAGCTCATTTAATCCTTCCAGCAACCTACAAGGGCAAGCACCTTCAGCAGATGAGGAAAACTTAGGTTCGAAGAAGTTAAGGAATGTCTGATGTTACCCAGATAGGAATGGTAGAATAGAGATTTGAACCCAGGTCTACTTTTATCTTTTTACATTTTTATTGAATTTTATTTTTTACTCTACTTTGAGATTGAGGAATAAATTAAGACAGGGCTCATCCTCAGTCAGAGAAGATGGTGGTGGGCAAAGAATAAGGAAGGGAGAGGCATTGAGAGCATTAATTTGTTTGTTCACTTGGTAAGCATTTAGAATGCCTGCTAGGTGGCACAATATGTGCCACAGTCTGGCTTCCCTTAAGGGGATACTGTTTTATAGTCTGACCAGGGAACAGTTTTCTGAAGTTTTAAGCATGCAAAAGAAATGAGACTGTTTATTTCCAGACGAGCCCAAGATTCTTATTTCTTTTTATCTTTAAATTCAAGTTCAAATCTTTTTTTTTTTTTTGAGATGGAATCTCGCTCTGTGACCTAGGCTGGAATGCAATGGTGCGATCTCGGCTCACTGTAACTTCCTGCCTTCCAGGTTCAAGCAATTCTCCTGCCTCAGCCTCCCAAGTAGCTGGGATTACAGGCGCCCCACCATGCCTGGCTAATTTTTTTGTATTTTTAGTACAGATGGGGTTTTACCATGTTGGCTAGGCTGGTCTCAAACCCCTGACCTCAGGTGATCCACCCGCCTCGGCCTCCCAAAGTTCTGGGATTACAGGCATGAGCCACCGTGCCCGGCCTCAAGTTCAAATCTTGAATTAGAAGACATTTGATTATTGGAAAACTGATACCTTTCAAATTACTCATTTTACAGACAAAACGCTGCTTTTTCTGTTTTGGGAGCTTATTGTTAACAGGGATAGCTAGCAGAATAGCAGTACATGGGGTGGAAGAAGGAGAGGTTTTACTTTTATTGTTTAGGCTTGACAGATAATGTTCCCCCTGCCACCTGTGTTACTTTCTTTCAGCTCTTATAAAATAAGAGCCATCCACTTCCATGGAAACAAGTCACTTTATCTTGAAGGTTTCCCTTTAGCTTGCCTGGAAGGGAGTGAGGGCCTGTTGGATGTGCCTTTAATGATTTCAAATGAATAGGATAATATTTACTTGTTTAATTCATCTTCATCACCTTAAAGGGATATTTATCATTTCTAGAAGAGGTCACCGCTCTGCCCCCCTTCTTCCCCCTCCCCCATCTCTCTTCTGCTTTTCTAAATTGTAATCATAAATAATGAGTTTCATTCACAGCTCCCTGCCAGTGAGCTGCTAATTACACAAAGTACTGCTTGTAATTTACACAGTAATAAACTGTAAATTTAAACATTACGGCACTTTAAGTTAATAATTTTTCTGCTGTAACAAATAGCTCATTTTTCACCCATCTTTTCCCTTGGCCCCCCTACCATGTCTGTCTGTGACCAGGAGGCATAGCTATAAGAAATGCAGAACATGAAGAATATAGTATATGAAAACTTCTCATTTAACTCCACTACCGCCCGGACTCTGACCTCAGAGTAATTTTTCTACAGCCAGTTCTGCTGAAATGTGTAGCCTGATGTTTAGCACGGTCCACACACATAGATGAATATAGACACAAATGTGTTTGAAGAACAGCCTTGATGTTCTTGGCATTCACGCCCGTGACTTGTGTTCTCTCAACACAACAGTTACTCAGATGTGTGTTGGTATGCTTTCCCAGGTGCCATGGTAGGTAAGCATTGTGAATGTACTCAAGTTAAATGAAGAGTGAATTGCCGTTTTCCAATTTTTTGGAAATGGTTCGTTTCTGAACTCTTTGTGGTGTTATGGGTAAGCTTTTACACTATAATCTTGAGAACCCTGAATTTAGGAATCAATTTTATACAAATTTCTATTTTTATTTCATGAGATGATGTTTGAGGGACAAAGTACAGAGTAACAATTTTTGCAAGTCACAAAATTCTCTTGATGTATTTATATTTAGTCAGCAGATATTTACATTTTACCAGTGAGGATTTGGTAATGTCCCAGGATGAAGGCTGTTGGAACTATAATCAAATCACGTAGCTCTCTAGGAAGCTTGGTGTGTTGGCCTGTTAAAAATTGGCTACTGTTGAATTTTCTAAAAAAGGATTTTTACTCCTATATACTTCAGTAGTTACAGGAGGTATAGTACTTATTAAAATACCATATATGGTGAACAGTGTCTATGATGTATTTATAAAGACTTTTGGATCACTGGAGAATAATAAATGTAGGGTAACATGTAATACTTTTAAGATGGATTCCAATAAAAAGAAGTATAGTTGCTGTTTTATTTTAAGATTGACTTTTAACATGTGCCTTTTGAGGTTGCCTTAGCTGGCACAGTTATGGGAAAGATTGATATTGTACTTTATATGTTTGTTTCTGTGGTTGGATGATACTC
chr19	1274440	1274626	+	ENST00000585913.5	1.37447639665	3.76468958346	2.569582990055	GTAAGTGCTTTCGGGAAGAGTGGCATGTGGCGCTGAGCCCTGTCCCGGGCGGCACCTGGGCGTTTCAGTGAGTCCTGCTCTCCCGCACCTATGGCCCCATGGCGGGCGCCTTTCGGTGTGTGTTGGGTGCAGGGCAGCGCCTCCCGGGAGCGCCGGGTCCCCCGCCTGGAGCCCGCGCCTGTTCTC
chr19	1274440	1274627	+	ENST00000585913.5	1.92426695531	2.19606892369	2.0601679395	GTAAGTGCTTTCGGGAAGAGTGGCATGTGGCGCTGAGCCCTGTCCCGGGCGGCACCTGGGCGTTTCAGTGAGTCCTGCTCTCCCGCACCTATGGCCCCATGGCGGGCGCCTTTCGGTGTGTGTTGGGTGCAGGGCAGCGCCTCCCGGGAGCGCCGGGTCCCCCGCCTGGAGCCCGCGCCTGTTCTCC
chr19	3647409	3648624	-	ENST00000335312.7	1.64937167598	0.941172395865	1.2952720359225	GTGGGTGCCCGGGTCTGCAGTCCTACAGGTGGACGCCCCGGGTCTGCAGTCCCACAGGTGGGCGCCCGGGTCTGCAGCCCCACAGGTGGGCGCCCGGGTCTGCAGCCCCACAGGTGGGCGCCTGGGTCTGCAGTCCCACAGGTGGATGGGCGCCCCCAGGACACCCATGCACAGAGGCGCTTGCCCGTGGAAACAGCCGCACCAGCAGCTCTCGGGGCTTCCTCAACCTGGAAAGCTCTTGCTTGGCTGCCCCTTCTTGAGCCCTAAAGGGAAGGTGTTTGGTCGCCTTGAAAATCTAGAGTGAGTTGGGCGTAGTGGTCCACACCTGTAATCTAGCACTGTGGGAGGCCGAGGCGGGAGGATTGCTTGAGCCCAGGAGTTTGAGACCAGCCTGGGCAACATAGCAAGACCCCATCTCTACAAAATATCAAAAAATTAGCTGAGCGTGGTGGTGCTCCTGCAGTCCCAGCTACTTGGGAGGCCGAGGCAGGAGGATTCCTTGGGCCCAGGAGTCTGGGGCTGCAGCAGTGAGCTATGATGGCCGTACTGCACCCCAGGCTGGGTGACAGAGCAAGACCCTGTCCCAAAAAAAAAGAAAAAAGAAAATCCAAGGAGTGGGTTTGAGGCCTCACTTTGGGGCTCGAATATTTGTTTTTTGGTTTTTCATTTGTTTGTTTTAAGACAAAGTCTCGCTCTGTCACTCAGGCCGAAGAGCATTGGTGCGATCTTGGCTCACTGCAACCTCTGCCTTCTGAGTCGACCCTATTCTCCTGCCCCAGCCTCCCCAGTAGCTGGGATTACTGGCACGCGCCAGCACGCCCGGCTAATTTTTGTATTTTTAGTAGAGATGGGGTTTCACCATGTTGGCCAGGCTGGTCTTGAACTCCTGATCTCAGGTGATCTGCCTGCCTTGGCCTCCCAAAGTGCTGGGATTACAGGTGTGAGCCACCGTGCTCAGCTGGGGCTCTAGAATGTTTAAAAACAGTCACCCCCTCGGTACTATGGACATTGGGACCAGATGGTTCTCTGGGGTGGGGCCGTCCTGGGCCCTGCAGGGTACTGAGCAGAGAGCCTCCACCCACTCCCTGCCAGGAGCACCTGCCACCCTGAGTTTTGACAGCCACGACTGCTTGAGGCCATGGCCCAGTGTCCTGGGGGGTGCACAGTGGCCCCTGAGTGAGGTGGCCTGGCATGGGCTTGGCTGATGTCAGCTGC
chr19	5787380	5787588	-	ENST00000309061.12	2.74895279331	0.941172395865	1.8450625945875	GTAGCGGCCCTGGACGTGTGCCTCGGTTTCCCCATCTGGGCAGGGAGGCACTGACCCAGCCGGCGATGTCTCGGTGGAGGGTCAGGGGTTTGGGCTCAAGTGTGGCCCTGGAGTCCCTGCCTTTCCTGCAGGTCGGCGTCTCCTGGTGGGGGCCTCCGGGCAGCAGGGGTGAGGGGTCTTGGGTCAGCCCACGTCCTGCCCTCCCTCC
chr19	6216540	6217953	-	ENST00000252674.9	0.549790558661	0	0.2748952793305	GTGTGTATGGAGAGCAGCTGGGGGGCACGGATGGGGCCGGGGAGGGCCTGGAGCTCAGGCCACATGGGCATTCCTCAGCGTCCACTGCCTGCACAGGCTGGGCCCTGCAGATCTGTACATGGAGGGTTTTGGTGGCCTGGGGGAGTCTATATTTAAAAGCAAAGCAGGAACAAGTCACCAGACCTCCAGTCAGGCCCGGGGGCACTGTTCCTTGTGGTGGCTGTTGGCATGCACCCCGTGCCTGGAGCCAGGCTGGTGAGGGGCTTCTGGTGAGGGCCCTGCCCATGGCCAGAACTCTCCCTGTGCTGCTGGGGACCATGGACGGACGGCGTCACCTCCTCCGCCCATCCCACCCGCTCCCCAGGGCCAGCGAGGCACTGGCTGCCTGTGGACGGCCGGGGTCTCCTGCTGCCGGAGTGTTTGGAGTGCCCTCTCCCTCTCCAGGCAGGCCACCCTGAGTAGGGGCGGCTTTTTGGGGAAAGGACATAGGCCCATTGGCTGCACCAGCCTGCCCCAGAGTGGGGAGGGCCCTGGGGACCAGGCAGCCTGCAGGACACAGTGGGAGAGCTGCCCTGAGCCCCCGGCCCCAGTCCAGACCCCAGCACCCACTCCCAGGCAAAAAGCGTTTCCACTCCTGGATTGGAACAAGAGCCTCCTTCCCCCTTGGCCTGGAATCCTTTGCAGGGGGGCTGGGGGAGAGGAGTGTGCGGGGTTGTGGAGGGAGTCTGGCCTGGAATTCAGCCGTGCAGTTGCCGAGGGGGCTGGGGGATGGGGCCCTTGAAGCCTACACTCGCTCCAAGTGTTCTTATCTGCCGGGAAGGGAGGGGGACCTACTGAAGCGGGATCATGTGACTAAGGTAATTGAGGGCTTTGTGTCCCTCTGTTGCCTTGGTAACAGGAATATAAACCAAGATGCCGTCTGTAGGGGACTGGAACCGTGTGCCTCTGGAGAAAGGGGAGGACGGTGGACTGGGAGCAGCAGAGGGGATTACCGAGGGGGTGGGCAGGCCGGCGTAGGGTGCAGGAAGAGAGATCTGTGACCCCAGGCCCAGCTTCCCAGCCAGGCTGTGGCTCCCTCGCCCTCCCTGGGCTCTCGGCAGAGCTTCTGATCTCTGTGCCCCGAGCAGAGGAGGGGTTCTCCTCCGGCTGCAGCAATGGAGGGGCCCTGCGCGCCCACTGCCGGCCAGTCCCCTGAGGCCTGCGAGCAGGGCCAGGAAGGTAGGGAGGGGTGGGGGAGCCAGGGCGTTCTAGGGGAAGCGGGTGGCTGCCGGTGTGGGGGCAGTTCTTAGAGATGGGCACAGGGACCCCCAGGTGGACGGGCGTGTGCATTTGGGGGTCACCAGTGTCAAGAAGCTCTGCGTGGCCTCATGGGCGAGGGGCCCTGGAGGCTCAGTGGAGCCCTGCCCTTGTCTC
chr22	19977607	19977957	-	ENST00000263207.8	0.824685837992	0	0.412342918996	GTGGGCAGGGACGGTCACAGCCTCATACCAAGGGCTGGAGAGACGATCATGCAGGTCCCAGGAGGCTGGAACTGTGGGAGCAGCACAGGGGAATGGGCTTGTGGGTCTGGGGTGGCGTTCTGGGTGTGGCCCGCCTCGCAGTGACCACACTGAAGTGGGCACCGTCCTGCAGGCAGAAGGTGTGCCGTGAGGGCAGAGGCTTCCTCCCATGGACCCTTCCTGGCGGTTACCGCCCTTTTGCTCCCCTCCACTGAGGACTCCCTGTTCCTTTGCTCCCGGTGCCCTCATGCACACCAGCTGTGGCCAGTCTTTCCTGAGGGCCAGCCCTGTGCCTAGGGTGCCCTGCCCCA
chr22	20551487	20553113	+	ENST00000445987.5	0.549790558661	0	0.2748952793305	GTAAGTAAGATTTTGCATTTCTGGGTTGTTGAGATCTCTGTGAGAGGCCAGCCCTGACGCTGCCTCGGCAGAGCTTTCTGGGCAGGCCGTGGTGCCTGAGTCAGAAGGTCTGTGTCACCTCACTTGCTTCTGGGAAGTTCTTCACTGCCTTGCATTTGACTCCAGATCCCTCCATCCTCCCAGAGCCTTGGCCTCAAAAATGCTGATTCTAGCATCATGGAAATGCTGTCCTCAAAGTGGTCTAAACGGGTTGCTGCTTCACTTGCTCACTTAATCTCCCTTTTCATAGGGCTGTTGTTTTTACTTCTGGGAAGTTCTGTTTACCCTGGAACAGAAACTCTCTTCCCTAAAAGTTGATTTTATTGACCCATGGAGGCCAGAGACACTTAGGCATATTTTCCCTCCAGACTAGAAGCTTCTGAGGAGGACCTCCTGAGTCTGCACCCTGGCTCCCTGCTGTGCTGAGGGCCCCCGTGTTAACCTCACGTTGTGCCTCCTCTGATTCAGAGGGCCCAGTGTGGTTCTGTCAGCCAGGCAGTGGCCCCAGCTCTACAGAAATGAGTTGTCATTGCATCCTAGGGCCAGGGTCTTCGTGCTTGTGTGTGTTACGTGGAAGTATGTGGACACCAAGTGTTCCTGGATGGCCACAGCCTGCGAAGGAAACTGGGGCCAGCAGCTGCTCTGTGTTTTCAGCCAACAATGGCTCCTGCCCACTGCCGCTGCATAACCACCAGAGGCAGGCTTCTCTTGACACAGGCCTGTCGTTGGAGCATGTGCCTGGCGAGTCCTATTTCTATTCCCCTGTGGGTTAGGGACAGGCAGCTGTACCTTCAGTGTGTTGCTGGGTCAAAGGGAGACATTGAGCACTCCAGAGCCTGGTAGGTTTTGCTTCTTTCCACACTAACTTTTCACCAGAATGGCCAGCAAAGTGAACTTCACTGATCTCACTCTCTGTGGTGTTGGAAAGTCACTGGGATGTGTAAGAGGAGAAGGAGCAGCCCAGATGATCTGGCCCAGATGCGCTGGCAGACTCCGCATGTTCTGCTTTCAGGGACAGTGGCCTGGCTGGTGCACACAGTCCTGTGGGGCTCATGAGGTCATGGGAAGCAGCCGAGCAGGAGGCTCAGGGCCCCATGACTGCTACAGAAGTTCTCCGCTGGGCACTGGGGTCAGCTGGACTGGCTTCCAGCTGGCCGTGGACAGCCTCAGTTTCCTCATCTAGGTAACAGAGACACTGCCTCACCAGAGTGGGCTGCAAAGGGAGGCAGTGTCAAGTCTTGGCACCACTCCAGCCCCGCCGTGGGTTCCTGTAGTGTTCTATTATTTGTTTGCTCAGGGCTGAGCTGAGACTCTGGACCTGGGAAAAAGGAAAGCCAGAGTAGGCCCAGGGTCCCCAACCCCAGAGTGCTTCAGCCTTGGGGGCAGCTCCCTAAGGCCCCAGGTTGACCCTGGAGCTACTCTGCACCCTCTGCCCCCAGGTCTCTTGTGGGGTCAGCGCTGCCAAGAGTAGAAACACTTCCCCCAGTAGTGGGGAGTACTAGGAGCTCCGTGGGGATTAAGGCTTGGGCAAATGCCTACAGAACTGACCTACCCATGGAAATATGTGGTTATATAAAACTATGTTTA
chr22	29340881	29341500	-	ENST00000357586.6	0.549790558661	0.313724131955	0.431757345308	GTGAGTGAGACTGGCCAGTCGGCCTGCGCCTTCACACTCTGCTTCCCCAGTTTAGCAGCACAGGCACTCAGGCCTGGCGTGTTGTCCCCCAGCAAGACCTGAGTCTGAGGAAAACTGACAACCTTTTATCAGCTATTTATTGTACACAAGGTATTTGCTAGATGACCTCATTCCAGCCTAACGACAGTGCTGAGAGCAAATGTCCCCATTCTTCAGGTGGGAACAAGAGACAAGGAGAGCTTGAGGGACTGGTCCAGGATCTCACAGCTAGCAGAGCTGGGACTCAGACCAGTTCTGTCTCATTCCAGATCCCTGTCTGCGCCTCCTCCTCTGTTGTTCCCAGGTGGTTGGTGTGGCCTGGTGGCACCGTCCTAGGGCACTGGCATCCAGTTTTCTTCTTAGCATGGGCTGAGGGCTAGAAGCAGGCGGCCCTCTCCCTTCACTCATCCTCACGGAGGACCTGAAAGATGGACCTGCTGTGGGAATGGGAATGGGGAAGAAGTGGGGCCGTGTGGACAGCCCTGTCGGGGACAGTGAGGAGACTCAGTGCCTGTCCTGGGGGACAGCTCTGCCTGGAGGCTGGGGTCTCTTTGACCTTCCTGAGACATCCTGATGCCTC
chr22	29560852	29561170	-	ENST00000216121.11	1.37447639665	0.62744826391	1.00096233028	GTAAGTGGCAGCACCAAGACTGGGGTTGGGGGAGGCGTACCCTGCTCACCTGCCCCACCAAGGCCCCTGGTGGGCCACCTTTTCCAGGGCCATATCACAGGGAACTCTTTACCTTCTGCCCCTCATGGATCTGGGAGAAGGATCCAGCCAGGAGGTGAGGATCTCCTAGAAGGTTGTGACCCCTCCGTTGGTAGAACACCCCGCCATCAGTCCTTTCTCTCAGCATCCCGGAGGACCGTGGGTTCCACCTAGGCCCCTCCTGTGAAGTGTGGCCAAGGAATCAGCCTCAGTACCCTCTGCACCAGCCCTGGCTTCTGC
chr22	36285348	36285657	-	ENST00000216181.10	1.37447639665	0	0.687238198325	GTGGGTGCCAGGACTTCTCCCACTCTGGGCTCTGGCTGGAGCCACCACGGCAGAGCTGGCCTTGGACCCAGCCGGCAGAAGCACAGGCCAAGTGCCAGCTGCTCCCCAGGCGCTTAGGGGAAAATGTCCAGGCACCTGGACCTGAAAGGTCCCCCTCTGGCTTCTGTGTTGGGTGTTCAGAAGTTTCTAATCTTCCCTTTTCTGGGAGACCCAAGACTCTGGACCCCAAGGGTTTGGTGGGATCCTGCTGCCACCTTCCTCTGGCCCTGCTCATGCCCTCCAGCCAGGGCCCCAGCCCTCCCCAAGGTC
chr22	36285357	36285657	-	ENST00000216181.10	0.549790558661	0	0.2748952793305	GTGGGTGCCAGGACTTCTCCCACTCTGGGCTCTGGCTGGAGCCACCACGGCAGAGCTGGCCTTGGACCCAGCCGGCAGAAGCACAGGCCAAGTGCCAGCTGCTCCCCAGGCGCTTAGGGGAAAATGTCCAGGCACCTGGACCTGAAAGGTCCCCCTCTGGCTTCTGTGTTGGGTGTTCAGAAGTTTCTAATCTTCCCTTTTCTGGGAGACCCAAGACTCTGGACCCCAAGGGTTTGGTGGGATCCTGCTGCCACCTTCCTCTGGCCCTGCTCATGCCCTCCAGCCAGGGCCCCAGCCCTC
chr22	41900498	41902936	+	ENST00000612482.4	0.549790558661	0	0.2748952793305	GTGAGTGGGAGCTGAGTTGGCCCCTGGGGGAGGTGCTCTGCACTGGTTTACGAGAACACTCCCACTCACCTCATGCTGACCCTGCGGGTGGGGCCATCCGAAAGACAGAGAAACCAGGACAGCAGCCCCCTTTCAAAAAAGTTACGGCTTATTGGCCTAGGTGGACTCCTTTTTCATCCCTTTTCAGCCTCTGAGGCAAGTGTGTTTCTACCTGCACCTTTCTTAGGCTCCCAGAGTCCCAGGTCCTGCTGGCCCATAGCCTCTGTAAGCCCAGGTGCACCCCAGCTGGCCAGGGGTTCACCTGCATTTGCTCCAGCGGTTTGCGTGACTTCCCAGGCCTCTGCAGGCAGCCTTGGAGTGGGTTCCTGCCCCCTCGGGCACACAAACAGAGCTGAAGACCACCCTGGGCACCTCCTTGGCTGGCCGCATACCTCCTGGCGGGCAGCTGTGGTGCATTGTAGTTGCATTGCATGTTCTGGTGGTACCCATGCAATGTTTCCACAGTGCATCACAGAGGCCTGCCTGGCCCTCGAGAGACTGCCCTGACTGAAGGCCCTATCAGGTGGGGGAGGGGATCCTGATAGAGGGCACTGCTGCCACTGTTGGGGCCCAAGTCACAGCCATCCCAGGAAACAGGAGGGCACCCAGCTGAAAGTGGAGCATCACCTGGTCTACGGGGAACATGTCCTTAGCTCCAGAGTGGGAGGGACCGGGAGAGTCCTGGAGATTCAGATTCTCAGCCACTCCCTGGGGCTTGGTCTTAGCTGGCTAGGCTAGTACTTCAAGCTAGATATTGTCAGTGGACCTGGGCACTGGGATGAACCCAGGACAGCGTGGCAGCCCCTACAGGGACAGGCAATGTGCAGAAAAGGCCCAAACTGGCTGGACGCGGTGGCTCACACCTGTAATCCCAGCACTTTGGGAAGCTGAGGTGGGCAGATCACCTGAGGTCAGGAGTTCGAGACCAGCCTGACCAACATGGTGAAACCCCGTTTGTACTAAAAATACAAAAATAAGCCAGGTGTGGTGGCATGTATCTGTAATCCCAGCTACTCAGGAGGCTGAGGCAGAAGAATCACTTGAACCCAGGAGGTAGAGGTTGCAGTGAGTCGAGATTGCACCACTGCACTCCAGCCTGGGCAACAGAGCGAGACTCCATCTTTAAAAAAAAGCTGGTGGGGGTGCCCAAATGCCCTGGGCTGCCAAGACCAAAGGCAGATGGTGAGCCACATTTCACCTTCTCTTTTGGGCTTTCCATTAGTCTCTTCCGTATTTGTCTTCATGAGAGAACCAAACAGTACAGGCTCAGTTTGGGGAATGAGAGGCTTGCAGCCACCCTTTGGACTGGGGTTCCTTGGTAGCAGCTCTGTGGTAGGAAAGTGAGCCTAGAAGACAACGCCATGCAGCCTGATGGCCCTCGGAGGGCAGAATCCAGACATAGGCCTGCTGCCTCCATGCCCACAGGTGCTTCTGCAGCATGCACAGCTTAGAAGTGCCAGGTTTTGAGGAGAGGGATCCTTTTCCACATCCCCTTGAAGCACACAACAGCCAGAAAACAGTGTAGGCAAGGATCAAGGCCTTGTGCAGGGACAGGGCAGGGTCTTCCTCAGGCCCAGTGTCCTGGGAAGGAGGAAAGCCAGGGCTGGGTGAGATGAGGCTCAGCCTGAGGGAGTTCATCAGGACCGGAGGGCTGCTTGCGGCCCATCTCAACAAGGACTCCTCACTGCTCGGTGTCGTGCAGGTGTGCCACTGCGAGCCGGGTGGGCAGCCCAGCCCCATAGGTCGTAGGCAGAGAGTATGCATGGCCCACATGCAGTACCTTCTCATATGATACAACAGCCCTGTGATGGTGCCATTTACATTTTTTTGAATGAAGAAACTGAGGCTCAGAGAGACTAAGTCCTATGCCAGGGTCATGTAGCTAGTAAGTGGCAAAGCCGGGTCAGTAGGCCTAGTCCCCAAGCACTAAGGCACTCTGTGGTTCTGTCTTCTGAGACACCTGTCTCCCTCTCCCACTCCTCCTCCTCCTTCCCCCAGCCCCATCGACAGGCTCTGCTGCCACTTCAGGCTTTTCCTTGGTACCTTGTGGGTATCTCAGCCTCCTAGCCAGCCATGGTGGGACTCCCATGGGGTGGAAGAACCTGCGCCTTCAACCCACAAGGGTTTTATTTCTGCCCCTGCCACCTGCCTGTGCTGTATTCCCTATACAAGCTGCTGTCCCTGTCAGAGCCTTGCTTTCTCACCTGCAGAATGGGGAGGGCTTGTCTCCCACCTCCTGGGGCCATGGAAGGAACTGGTTCTCCCCTGAGCTGTTCCCTCACGTCCTGCGGAGTTCACCAGACTCTGGGGCTCTCCACTTCCTCCCAGAGCTGCTGAGTGTTGGTCTGGGGAGAGGCCTGGTAGGTGCTAGGATCCTTGCCTCAGGGATGGGCCAGTCA
chr20	45899904	45902266	-	ENST00000354050.8	1.09958111732	0.62744826391	0.863514690615	GTAGGCAGGCGCACTTCCCTGCACCTCAGTGATTGGAGGACAATCACACCTGTCCACAGGGATGTTGCGCTTAAAGTACAGTGATACCTGTAAGCCACTGAGAGCTGGGGTCTGTCTTTGTTAATGCATGCCAAAGTGCTTTGGTAAAGTCTGACTCCTCTGCATTCTCACATGTCCCAGAGGCAGGCAGGGCAGGTATTATGAGAGATGAACAAATGGGTCCAGCAATGTTAAATAACATGCCCACAGTCACACAGCAAAGATCAGAACATGGGTTTTGACAAAAACCTCAGCACAACACAGCTTTGTGACCTTGAGGCCATTTTATCTTTTTTAAAAATGTTATTATTCTTTTTTTTTTTTTTTTGAGAAGGAGTTTCGCTCTTGTTGCCCAGGCTGGAGTGCAATAGCGTGGTCTTGACTCACTGCCACCTCTGCCTCCCGGGTTTAGGCAATTCTGCCTCAGCTTCCTGAGTAGCTGGGATTACAGGTGTGCGCCACCACGCCCGGCTAATTTTTGCATTTTTAGTAGAGACAGGGTTTCACCATATTGGTCAGGCTGGTCTCAAACTCCTGACCTCAGGTGATTCACCTGCCCCGGCCTCCCAAAGTGCTGGGATTATAGGTATGAGCCACTGTGCTTGGCCTTATTTTATTGTATTTATTTATTTTTGAGACAGAGTCTCACTCTGTTGCCCAAGCTGGAGTGCAGTGGTGCAATCATAGCTCACTGCAGCCTTGACCTCCTGGGCTCAAGTGATCGTCCAGCCTCAGCCTCCCGAGTAACTGGGACTGCATGCATGCACTACCATGCCTGACTATTTTATTTTTTGTAGAGATGGGGTCTCACTTTGTTGTCCAGGCTGGTCTCCAATTCTCGGGCTCAAGTGATCGTCCCACCTTAGCCTCCCAAAGTGCTAGGATTACAGGCGTGAGCCACCGCACCCAGCCCATTTTGTCTTTCTAGGCCTCATTTTCTCCATGTGTTTAATACAGGCAAAAGTAGCATCTGCCTTCTAGGGCTGTGCTATCCAATATGGTAGATACTAGCCACATGTGACTATTTACATTTAAATTAATTATAATTAAATAGTTTTTCAGTTGCACTAAGCCACATTTCATTAGCCACATGTGGCTAGTGACTACCATAGTAGACGGTGCAGATACAAAACGTTTCACAGAAAATCTGACTGGACAGTGCTGTTCTAAGGTTAAAGGAGATAATGTAGGTTAGGACCCTAGGTTCTAGAGGCAGCTTCTGACACTTTCCAGCTGTGTGACTTCAGGCAAATTACTTAACCTTGCAGGGCCTCATTTTCCTCATCTATAAATTAGTGCAAATCCTAATAGTGCCCACTCCTTGGGCTTGTTTTGAGGACTAAACCAGTTGGTACTGTATTTTAAAACAGTTTACTAATATTAACTTTTTAAACACGTTGGCTGGGTGCAGTGGCTCACACCTGTAATCTCAACACTTTGGGAGACCAAGGCGGGTAGATCGCTTGAGGCCAGGAGTTCGATACCAGCCTGAGCTACAAAGTGAGATCCTGTCTCTACAAAAAAATTTAAAAGTTAGTTGGTCATAGTGATGCACGCCTGTGGTCCCAGCTACTTGGAAGCCTGAGGTGGGAGGCTGACTTGAGCCCTGGAGGTCAAAGCCACAGTGAGTAAAATTACACCACTGCCCTCCAGCCTGGGCAACACAGTGAGACGCTGTCTCAAAAATAAATAAAAATAAAAAAAGAAAATAAATATGCTTAGTGTCTGACAGGAACTAAGCAATGTGAAGTTTTGTTACATAAAATAAATAACACCTGCAAAGCTACCAGCAGAAGTCTGGCACATTAGAAGTGCTCAATAAAGGCCGGGCGTGGTGGCTCACGCCTGTAATCCCAGCACTTTGGGAGGCCGAGACGGGCGGATCACAAGGTCAGGAAATCCGAGACCATCCTGGCTAACACGGTGAAACCCCGTCTCTACTAAAAACACAAAAAATTAGCTGGGCTTGGTGGCGGGCACCTATAGTCCCAGTTACTCGGGAGGCTGAGCCAGGAGAATGGCGTGAACCCGGGAGACGGAGCAGTGAGCCGAGATCGCGCCACTGCACTCCAGCGTGGGCGACACAGCGAGACTCTGTCTCAAAAAAAAAAAAAAAAAAAAAAAAAAAAGAGGTGCTCAATAAATAAAAAGTAGCAGTCTTGGAGAAAAGGAGACCCAAGTGGCAGCAATGACTGCCCCGAGGATACCTGGAAAGTTGTAGCACTTGGAAAGGTGCCTAGGTGGGCATCTGAGCCTGCAACTCAGACACCTCTGGCAGGTAGGCCTGGGTGGCCTGAGGAAGGGGAGCTTCCAGGCTTCCTGC
chr7	100099438	100099588	-	ENST00000489841.5	0.274895279331	0.62744826391	0.4511717716205	GTGAGTGGTTAGAGAACAATGGCAAACAAAGGGCGAGGCGTTTAAGCTTCTGTAGAGAGGCTGCTCAGATACTGATGTTTTCTGAGCAGGCAGAAAGGAGGGGCACTTCTGCCTGGTGTTCTCTGTGCTCTCCTTTCCCCATCCTGTTGC
chr7	100099444	100099588	-	ENST00000489841.5	0.274895279331	0.941172395865	0.608033837598	GTGAGTGGTTAGAGAACAATGGCAAACAAAGGGCGAGGCGTTTAAGCTTCTGTAGAGAGGCTGCTCAGATACTGATGTTTTCTGAGCAGGCAGAAAGGAGGGGCACTTCTGCCTGGTGTTCTCTGTGCTCTCCTTTCCCCATCC
chr7	143265092	143265237	+	ENST00000409500.7	0.549790558661	0	0.2748952793305	GTGAGTGTGGGGCTCTGGGAATCCTCTGGGAGGACCTTGGATGACTTTCTGACCTTCCCCAGGCACGTTTTCAGGGTCATGATCCTGCCCCCGCCCGGGGGATCTACTGTCCTCCCAGTCACACCCCTCTCCCCGCACCGCCTTC
chr7	149292308	149293348	+	ENST00000378052.5	0.549790558661	0.941172395865	0.745481477263	GTAAGTGAGCTGTGCCCTGGCTATAAAATCTGGCAGCGTTGAGCGACTGGACAGCTGTTAGATATGGGTGGCTTGGAATGTTCTCCATTCATTCATTTATTTAACAAAAAATGTGCCTACCCTGTGTCAAGCCTGGAGCAGGAAGAGGAGCAGTAACTATTCCCTGATCTTTAGATAGGCCTTAGAGGTGGGCACAGATTGGTGAGGTCGCCCAGTCCTTGAAGGACACCCACCTGAGGGCACTGTAGGATCTGTATTTGGCTGCTGTAACAGAGACTGAAGAAAACAAAACCAAAACCGCAGCTTCCACACGGCAGGGGGTGGTCTCCCTCCCGACAGAGCTTGTTTGGCAGCTCACAGGCCCAGGCTCCTTCCAGCCTACCGCTCCACCATTCCTGGGGCCAGGCCTTGTTGCTGTGGTTCGAGATGGCCCGCGACCATGCCCACGGCCCTGTTGAAGGAAGCAAGGGGATGGGCTGGGGGTTGGGGTGCCCTTTCCCTTTTCCTTTAGTTGATGCCTTTCCCTTTAAGCAAACACATTGGTTTCTTGTACATTTAGTACTTACTGTGCACTTTATAAACATTGACCCATTTAAGCTTATTCCAACTCTCAGTTTCCTCAGATCATAGATGAAGAAACTGAGGCACAGAGAGGCCGAATCCACTGTCAAAGGTCCTGTAGCTGGAGGAGGCAGCGCCCCTCACATCCATTAGTCAGACCAGCCACAGGGCACACCTACTTGCAGGGAGGCCCAGCAACAAGGTCTGGAGTCTAGGAGGCCACATGGCCAGCAAGACACCAAGTGCTCTGTTAGTGTTGAAGCGGGGTGGATGGCATTGGAAGATGGCTGGTCATCCCCGTCACAGCTCACAGCCCGTCATTCACAGACCAAGCTCCCCTGGCTTGACTCACTGCCATGTCACACGTCCCCAGGATGTGCTGTGCCTTTGCTGGGACCTACAGTTCTGTTGGGAGTCTCTTTGGTGTCATGGTCCCAACTGAGGCTGTGAGAGGAAAGATGTCCTATGACACCTGCTGC
chr6	7211709	7226438	+	ENST00000379933.7	0.274895279331	0.62744826391	0.4511717716205	GTAGGAGAAAGAGTGAACTAGACCTTGTTCATTCCTGTTTCTCCTGGCATGTGACAATGTTCTTAAGTCCCGTTACTCCACACCGGGCTCCAGTGATTGAACTTGGGCACAACAACATTAGGGAGGCAGTTAAGAAAGTATCGGTGTGGGGAAAAAGTTGGCTGAGAGTTGTCAGAGGGTGGCTGTATCCACAGGGTGTTCACATGGTTCACTGTGCCTTCTTTCTCTCAGCAAAGCCCCTTGAGTAGTCACCAGTGAGCCCCTGAACACTGGGGAGTCTGCTATCATGGGTGTTCTTGGACAACAGATAGATTTTCTTCGCAAAAGATGTTGCAACTCAAATGACTATTAGCAATGCATGAATATGTGGCCCAAACAGGGACAGCCCACGTGTTGGATACCCCTGGCACAGCACTGGTCCATCATAGGCACTCCGAAGTGTTTGAACTGAGCTGGACCTGATAGCACAGAAACCTGAGAAGCCATTTTGGGGTCAGAGAAAGTTCTACTTAGTGCAGGACACTTGGCCAAAAATGGAACCTGATATGTTTCAATAAAAAAGTGACAGGTGATTGCTCTGCCATCCAGCTTCAATTGTAGGGGCTTCGCAGCTCCAGTGTTTCTGATCCTCAGCCTTGCCAGGCAGAAAACACGGGTAGTGACAGGACTTCCCACAAGAATTCAGGGGACTCATCTTTCTTTCTTTACCTTCTCTGATAACTCATCAGGCAACCGTTAGTTCTGTATTCTTGATGAGTTGATAGATTTGGAAGTTATTCCTAGAGAATTGCCACTTTAAAACTGTTAACTGCCAGAGATTTTAAGCATTGGAAAGAACAAAGAACTACTTAGGAACCCCTGTTGTCGTTGAGAGACTTGAAAGTAGCCCATCCTGGAAGTCACACACAGCTGCAGGGTCACGAGCACACAGCAGGGCCATACACGCGTGCAGCTTTGGGTTTTAGAAGACAGCTTGGGAATGCAGGAATTTGGGCATCTGTTTGCCTGAATCCCTGATATATGGACCAGATTTCCTTCTTGAAGACACATGTTTAGCTGTGACTTAGGAATGGGAAAGTCTGAGCAAGCTGAAGACTTATGTTATAGGGAAAATCCAAATTGTACAGTAACTTGATGCCAGGTCAAATATGATTATCCTTAATCACATTAGCCTGACATTTTTCCATTGGTGAGGGAAAAAGGAACTTACGAAGAATTTAAACTGCTGAACAATTGAAGTGCTATAAAATGTCTTTACGGAACTCCCCAGTCTCAAGAAATTGCCTGATCATTGGGTTGGGCACAGACTGGTTGTCAGGCCTAGACCCCACTCCTCCCTCTGCTCATACAGGACCTCAGCCAGCTACATCTGAACCTGTTTTCTCATCCTTCAAATTGAAGGAGGGCAGGACCAGATAATCCTTGTGTTCCTAAAACCTTATTTTTATTTATTTATTTATTTTTGGGTTTTTTTGAGAAAAGTTTTGCTTTGTCACCCAGGCTGGAGTACACTGGCGCAATCTTGGCTCACTGCAACCTCTGCCTCCTGGGTTCAAGTGATTCTCCTGCCTCAGCCTCCCGAGTAGCTGGGATTACAGGTGTGTACCACCACACCTGGCTAATTTTTTGTGTTTTTGGTAGAGATGGGGTTTCACCATTTTGGCCAGGCTTGTCTCAAACTCCTGACCTCTGGTGATCTGCCCCATCTTGGCCTCCTAAAGTGCTGGGATTATAGGCATGAACCACCATGCTCAGCCCCAAAGCCTGCCTCTTAACAGTTGTTTTATTCTGTCTACCAGGAAAAGGCATATGGCCCCTCCCTGTGTAGGCCCTCTAGTTCTGAGAGATTTGGGAAACTTCACAGGTTCAGGAATGTTCACAGCATCCCCAGGATGTGGGCTTGTGGTGGGTGGCAAATACTGAAATAGTTCTCTAGATCAAGGACCTGAGTGAGCAGAGATGACATTACCAGCTGAACCTCCCAAAGAGAATCATGAGCAGAGGCAGAAACAGCACAGGGGACCCCAGCTCCTGCTCACGTTCCTACCCAGCAGCCTTCAGAGCCAGTGCTGCAGTGAATACAGGCTGTCTCTGAGCCCGTCTGTATACTTCATCTCACTTCATATTTTATTCTGTGATCAGATACCACCTTAGAAACTATTATTTACCCCCTTCTAGATAATTCTGTTCTGCAGGAAAAATAATGTGGCTCCCACAAGAGATTTCTGAGCAGTCCAAGCCTGCATAGCATGGTGTGTGGCAGCGATAGAGGCAGATCAGGTGTCTCCTTCTGAAATGCTGACCTGGGTGAGGGACGAGGTTCTCCTGGAGCAATCCTCTGAACAAGGACCTGCTCCAGGGAGAGGCCAGGCTTCCTCTGCACAGAGGTTGGAGATGGGCATTGCACTGGACGCTCGTCATTTTTTTCATAGTTGGGATGGGTAGGATTTGGTGGGTGATTAATCCACAGTGATGGTAGGGCTGGTGCTGTAGACAGGCTGTGAAGTTGAACCCTCAGTCCTGCACGTCCAGCTAGCCGACCTAGAGGATTTTCCTCACCTGTTTACTAATAATGCCCTGTGTTTGGTGAGGGGTTGGCTTAACAATTTTGTAACCTGACAGGGACTTGGCCCCTCTGGGCAGGCTCTCACTTCGCTGGCCCCACAGCTGTGGCTGAGGGGTGGCCCGTAAGAAGAGAGTTGCCAGGCATCCTTTGTGGGGGCACACAGGCCACCCCTGCCCTGTGCCTCTATCTATAATTGTTGCTAGATGGGGTGGGGCTGGCATCTGGAAACCAAAAAGAGTTGATTACAGAACATGGTTAATGTCCCTTTGCTCCTCTCTGCTCTGCCGATCCCCATAATAGGCTGCTATCATAGGAGGCCTGGGGCAGCCTGCGCCAGCGGGGCCTAGCCAGGCGGTGAACTGGGACAGTAGCTAGTGGGAGAGACAGCTTGTTAACCCAGAACTAAAATAGACACCAGCTCCATTTCAAATCCCAGAGGCAGCAGAACCACAGTGGGATGCTACCCGCTTAGACTGAAGGTTTGTAACTCAAAACAGCTGTTGCCTTCTCACTCTCCTGCACTTATCCCCCTTCTCCACTCCCCACCAACACTGGCAAGGTGCCCATTGTTCCTTAATAAAAAGTGTTGGAAATCCAAACTCATATAAATCTCAACTCCATTTCCCTCCACTCCACTGTGTTTCAAATGAATGAAGTGTTGTCGTAGAACAAAAGGAAGACACAAAGCTGCCTGTAGAGATGCCAGCTCTTAGGATCAGGTGTTAGCTTCACCCTGACATGACCAATGGTCAGTCATCCCCCTTCCCCCAGGGCTCCCCAGATGAGGGAGAGAAGGCAGAGGAGGAAGCGGAGTCAGGCTATGGCGAGCTGGCGTTTGGAATCGGAGGTGAGGGACGGAGTGTTCAAGAGAGCAGGCGGCTACACAGAGGACATCCTTTGTGTGAGGATGTTGCTGGGCATTGAATGTCCATCAGAATAGAACTGAGCAACTGGCCATACCCTGCTGTGAATGAAGTCAGCTGGGAGAAGCATCCAGGTCAGCCCGGCCAGCAAGAGAATCTGGGCCACGCACGTCCTTGGAATTTTCTAGTAGCCGTTTTTTATTTCATTTCATTTCATTTTGAGGATCTCGTTCTGTCACCCAGGCTGGTGTCCAGTGACATGATTATGACTCACTGCACCTTGACCTCCCAGGCTTTTAAGTGACCCTTCCACCTCAGCCTCCCAAGTAGCTGGAACCACAGGCATGTGCCGTCACATGCAGCTAATTTTTTTGTATATTTTGCAGAGACAGAGTCTCCCTTTGTTGCCCAGGCTGGTCTTGAACTCCTGGGCTCAAGTGATCTGCCCACCTTAGCCTCCCAAAGTGCTGGGATTGTAGGCGTGAGCCACCCTGCCTGGCCCTAGTAGTCATGTTTTAAAAAGTAAAAAGAAAGAGACAAAATGAATAATGCTTCATCGAGTATACCAGTATCATCAAAATATAATGTCAACACATAATCAATAGAAAAATGGTGAGTGATGTGGTTCACATTCTTGCTTCCATGTACTGACTCTTTGAAATCTGGTGTGTGTGACGTGACCCCAGCCCGTCTTGGCTGCACCACACCAGCCACATTTCAGGTGCTTAACAGCCCACAGAGAGGTTTCAGATGAGCCACCTACGGCAGGGAGGGCTGCAGCTTTGACGCGGAGCCATGTCTTGTGTGTGAAGAAGGCCCAAGGGCGGCAGCTGGATGGTCACCCTGTTGGCACAGCCACTGCTGAGGGTGAAACTCGGCCAAAGTTATTGTGTAATCTTAGATGGCCCCCTGATGAAAGGAGTTCGGGTAATAAGTAACGTTAACATCATTTCAGTTAAAATGTACCCAGCAAATGATTGAGTTTGTACTGTGTGCCAGGCACTTGCCCAGGCTTGAAGGAAAGAGTGATGTTTGAGACAGGGTACGGGCTAGGCACAAAACAAGCTGGTTGGTTATAAAACAAAGTTCAGGGGTGAGTTCAGGGCCCAGGAGGGCACATTTCCCTCAGATTCCAGGCAGGCAGAGGGATCTGGTGGATGCAAAACTTCTCCTTGGGATTTTACATCAGAGGCTGTGGTGCTTCACTTAATTTCCTCTGGGTCAGGGCCCAACCGGGTCTGGTACTTCATTGACCCTGGTCATCTCTGAGTTCAAGGTGATGACATTAAATCTCTGTTGGGAATTGGTACATAGGGAGCCCAAGGGGGCTCTGACAGGAACCTCGGCTCCATGAGTAGTGAGGGCAGCTGAGACCACCCCCTTCCTGTATCTTAGTAGTGGGGCCACCAAAGGGAAATGCCTTCTTTTTCCTGCATTCTCCACTGTTCCAAGGAATGTTTATCTCCCTTCACCACACGCCTACCACCTACAGAGACCCCAAGACTCCTCATGTACCCGGGATTGATCCCACCCTTGTCAAATGTCATCCTAAAAACAGGGAAAAGATAAAATATTTGTCAGCATCTTCTGTTGAAGAGTCTGTGAGTCTGAGGCTTGGGCAGGCAGAAACAGATTTTAAACACTTCCGGGGGCTATGAACAGAGGTCCCTCAAGGAGGGGAAGACTGCCCCCACCCCTCACCTGACAGGTACAGAAGCCTTGGTCAGGACTACCCTGTCCCCCACCCAAGGCCCAGAGCAAGGAGTGGCCCACCCAGCTTCGGTAGCCACTACACACCCTTTGTGAAGTCCCTCAGACTCTGCCCAGTGCTTCACGCCACGCTGGTTTGGTTGAACAGTCAGAGCGGGGCATTGGGTTGCTGTGTGCAGCCTGGGCGGGTTCCTGGGTCATGGGGAGGGACGGCTGCCTGGCCAGGGCCCTGTCACAGGGCCATCACTGTTGCTCGCAGCAACTGGGAGAGATTAGTGCAGCTGTCGGATGTCAGTTCTCTGCCCCGAGATGGGCAGGGGAGGGTGGGCTGAGGAGAGAAGAATGTGTGAGTTGGTTGGGACTCTAGAGGAGAGGTTGTTTGCACTTACTCCTTCTGGCCTCTGGAGACAGAACAGGAAAAATGAAGCATGAAATCCCTTTTGAGAAGGAATGCCAGTCTCTCCATTAAAACACAATAATGAGGAAGGAATTCAGTATCTGAAGGAAATGGTCAAGCTGAGTGGCAGCTTCTCGGCAGGTATTTCGCAGGTTCTTCTGATGAGGGTTGCAGGGAGCAGGGAGTGTCAGCATTAGGAAATGCTCCCAGCTGAGCCAGCGTCCAGGCATTAAGGATGTGTGGGTCACATAAGGAGCCAGGGCATCTGCAAATAGCTGTCCTCTGAACGCACAGCCTGGCAGAGTGGAACGAAGCCAGCCGGCTCCGTCCCAGCCTGCCGCCTGGCAGCTCTGTGACCTCGGGCAAGTGCTGACTTGGTTTCCCTATCTGGAAAATAGATTTGAAGGCTGTTGTGAGGATGAAGGGAGATAATCCACAATCCTCAGAGTGTAACAAATACTAAATGAAATTTTTCTTCTGATACTATTATTTAGAATGTATTTTTTATATAAAATTTTATATAAAATTAAAATTTTTAGATATTTTAAACCTTCCAACATTTACAGTTATAGGTGTTGTGGCACTCTATGGCTATCCCATTCCAATGGAATTGAAAAGGAGTCAACTTCCAGGTGCGATTCACTTGGCAGAGAACATGAAAGCAATTTGTCCTTTACTCTTATAAACAGCTGTTTTTATCTAGTTTTCGCTTTTGTAAAGATTGGGAAATGGAGTGGCTCTTTAAATTTGGTTTGAGTCTTGCTTCCCACGTTTCTTAATCCCACTGTGTGAAAAGCAGATATTTAGAAACGTGAAGGAACTCGACACCTTTATGTAACAGAACAACACATCACTTTCTTTAGATTGTTGGGGGAACCCTAGGGTTCTAAGGAAGTGAGTTTCCTGATGTTTGAAATTTGCCAATGCAGCCTTTCAAAAATATGCTTAGCATAGTTTAAAAAAAAGAAAATTCACCCTTCTTGCTGATTGTGAGGAGGTCAGATATCTGTCCCTCAGCTGTCACAATGGTAGACTTGATGGAGTTACATGACAGAGAAGAGAGCCCAAGGAAGCACCTGAGTGGTTTCTCATCTCTGGGCCACTCTGTTAAGGCCTGTTTGTTGACTTTGGGATTTTCATCTTATTCTGGAGAGTTAAGGTCGCCAGATGAATAAAATACTACTGTTAGTGAGCACTGGGGGAGCTAATCCCAAAACTGTTTAGCCACAAGGTTAAGAAGTTAAAAAAAAAAAAGAGACTTTTGGTGTCCTTGTTTTCCATTTCTGTAAATCACATTGCTGATAAATTTGCCTTTGGGCATGCACCCTGCCCATTTTAGGTACTAGGCTCAGTTACTGGCTACAGATTGCAGATTCCCTTTTCAGGGCTGATGCTTTTAACAGTGATAGTTATTCCTGATAAGTACCTTAACTCTGCTGTGAGGTATCAAAACTGCTGGATCTATTTTTGGCTGCCTCTTTACCATTACTCCCTCTAGAGAATGTCCATACCATAACAACATATTTACATATTTATCACACTGCATTTCTATCCCAGCTCAGAATTGTGCAACTTTCTTTAAAAAAAAAAAAAAAAAAAAAAGGATATCCTGTCTTCTTCCAAGGACATTTGCTGTCAGAAGAACAGATATCTGTGCCCTGCCTAAATAGGCAGACTGTGTAGCACAGACAGCCATTAATTCAATGCTTTTTAAAATTTTAGGGCCTCACGGTGGCTCATGTCTGTAATCTCAGTACTTTGGGAGGCCGAAGCAAGGGGATCGCTTGAGGTGAGGAGTTGGAGACCCGTCTGGCCAACACGGCGAAACTCCATCTCTACTAAAATACAAAAAAAAAAAAAAAAAAAAAAAAAAAAAAAGCCAGGCACGGTGTCTCAGGCCTGTAATCCCAGCTACTGGGGAGGCTGAGGCATGAGAATCGCATGAATCCGGGAAGTAGAGGTTGCAGTGAGCTGAGATCGCACCACTGCACTCCCTCCTGGCTGACCGAGTGAGACGCTGTTTCTAAAATAATAAAAATAAAATAAAATTTTAATTTACTTTTGTTTTCTTAAGACTTAGTGAATCTGAGTGTGAATAAGAACATTATTTGTTGTATTAAAGTCCCTTGAGGATTGAAAGGACAAAACCCCAGCTAGCAACTGAGTGTATTTTCTTGACCTGTTGGAGCTGGTTGGTCCCACCCCTCGCCCTATGTACCTCCTGCCTTTGGTGACTCAGGCACGTGGTCAGGCAGTGGCTGGCGGGTTGGGTCTCTGTGACTTCAGGACAGCGTGGAGTTCACCAGCTCGTGTGGGAGTCAGACTTCTCTGACCATGTTAGCGCTGTGCCCTTTCCAGCCCAGCAAGGGTCAGAGCCAGTATGCTGTGGGATTTGGCTTGTCTGTTTGATTTTTGGAAAAGGGACAGTAAGGGCTGTGACAGTGCCTGTGTAGTCACTGACAACCACAGGCACTTCTCTAAGCACATATCAGAGACTCTCTGTGATCGTGGTTCCCGGCCCCTGGTGTTGGCAGCCACCTTCCTGCCATCTGTGCCTTTACATACCAGGGGCCATGTAGAAAGAGCTTACCTTATGACCTGGGAGTCGTCTTCCTCCACTGGGACCCCCAGCCCTTCTCTCTACTTCACCCTACCCAGTGCCGCCAGGGACATTACAGTTGATACTAAGGGAGGAAGGAAGGGATGGAGGATAAGTGCAGGCAGCTGCTTCACCTCTGCTGTTCCAGGGAGCCCCAATTCCACACACCCCAACACCACAGCCCCCTCCTACCATCTACCCTGAGAACTGCTAGAGCCCCTCCACCCCATAATAGGAACCTCCACAGTGGAGCAGCCCCACTGGAGGCAGGACCCACAGTTCAGCGACTGGCGTGTCATACAGGGGGTGGGGAATGGTCCAATCTACTCCAGCACTCTAAAGTTTCTTATCCTCTTACAGAAACACTGGCCAACGTGTGCTAGAATGCAGGTGTTTTCTGGGTGAAACAGGCTCTTGTGCACTGTCTTGGTACAGAAACACTTATTTCTGTGAGCAGTGATTTGGAGTTCACATATGCTAAGCAGCTCCTGTAAGTTGAGGTCAGGCTGAATGTCCATTTTGGATTCCGTGTGTAATCTAACCTTAATCTGTCATTTGGAGATTTTTCCACTGATGATTTTTTTTTTCTTCCTAAAAGTAATGTAGTGTGATTTTAAAAGAAAAAGAAAGTTTTGTTTTTGAAAGGGTCAGTGGGGTTTTGTTAATTTTCTTTAAATTCTACAAAGAGATACACTTCCCCCAAATACATTTACTTTACTGACAGCAAAGTTAGTTTCCATTTGGAAAAGTTATCCTGTTTCCAACATCGAGTTATCTCTGTTGCCAGAAAATCAAAAGGCAGCCAATCCGATTTGTAAACCTTTCCTCTGGCACATTGTCAAGATCTCTTGCAAAACGAAATTGTCCTACAGCCCTCCCCTCTCCTGTGGCTCTAAGTGCAGTTCTGCCCCATCTAAATATTAATATTTTGCAATCGTGCTCTTTATGAGCCCCTGGCAGAGTGGAGATACGCCACAGACGGGTTGAGGAGAGAGTCGTGGGGACCACCTGGCCAGTGGCTGTGGTCTTAATGGAGATTGACAAGCCCAAAGGAGGTTTGCAAATACCCTGATGCCTGCAGCCGGCTTTGCATCCAGCAGCTCCCTCCACAGATTTACAGTGGCCTCTATTGTCCTTGAAGAGCTGCTTAGAAACAAGGTTGCAAAGCTTTCTCCTTGGGGCCTTGGGAAGGCTGGATGAACCCTCGCGTCTCCACCTGATAGGGCTGATCCAAGTGTTTCTGGGTGGTGGTTTTCCACACTGGTTTTATTTAAGGTCTATCAACAGGTGCTGAGTGTGAGGCAGGGAGGCAAGTGTTTTTCTTTTTTTTTTTTTGAGACGGAGTCTCGCTCTGTCGCCCAGGCCGGACTGCGGACTGCAGTGGCGCAATCTCGGCTCACTGCAAGCTCCGCTTCCCGGGTTCACGCCATTCTCCTGCCTCAGCCTCCCGAGTAGCTGGGACTACAGGCGCCCGCCACTGCGCCCGGCTAATTTTTTGTATTTTTTTTTAGTAGAGACGGGGTTTCACCTTGTTAGCCAGGATGGTCTCGATCTCCTGACCTCATGATCCACCCGCCTCGGCCTCCCAAAGTGCTGGGATTACAGGCGTGAGCCACCGCGCCCGGCCGCAAGTGTTTTTCTGTGGGTGTTTCTTCCTTTTAACCAGCTGCACCACATGCTTCTGGTTTCAAAGCAGAAATTTCTTCTCTGCCACTTTCATGTTTTATGTCTTTTGACTTATAGGAGTGCCTTAGTTGAAATTCCATGAAAAGGGTGTGAAGTGTGGATCACCTTGCTTAGACTCTGTTAGGAGGTTGAGTGCTTGTGCAGGCTGGGAGAGCATGCACTTCTTTTCAGGAGGCAGGTGAAGGGAGCAGGTGGGATGAGGCAGAAGACTGGCCAGAAAGAACACTTTTCTCCCCATGAGTTTTGCAGTTAGACAGAAGTAGTAAGGACGATTGTGAAGTTCTTGAAAGTGAGAAGAGAGAACATGTTCCTTTGAAATTAAAACTCAGGTTTTCCTGATTTTTCACGTTAGCTAAAACGTGCCAGGAAACGGGCTTTTCCTGATTTCTTTTTTTCCCTAGTACAATAACATAATGACTAAATTTGGAAAAGTACTTTGCAGTTTTCAAAGCACTTTGTTATTCACAGTAACTGCAGAGATCCCCCCGTTTTAGATGAGAAGGGAAACTGAGGTGTGAAGAAGGAAAGGAACAGGAGAGAAGTGACAAAGATGAGTAAAGTATTGGTAATTTCTTTTCTCTGGGAGTTCTAACATTCTAACAGGCTTGTAGTTTAAGACGTTTCTAGATAGCAGATTCTCACACCTAACTCACTATATTTTCCAAACTTATCTAACTATAAGAATCCGCTGGTGTGCTTGTTCATATACAGATTCTTAGGCCCATCTTCTAGTTATTCTGATTTCAGTTGGTCTGGGGTGATCTAGGAGTCTGCTTTTTTTAACAAGGTCATGTGGGGATTCTTATCTCTTGGCATGTTTGGGAAATTTTACATAGCCGGCAGCTGAAGTGCACATGGAAATAAGTTGTCCAAGGTCACGCAATCTGAACTCCCTGATCCCCACCTGGTGTCTCTGGTCCCTGAGCCCACATCCCCCTACCACCCACTGTTCCACAGCTGCCTTCCCAGGGACACAGAGTTTGTGATCAATACTGAATAATTCTGCCACGTCTTTATTGTCATGCCTTCATCACCTACTACGTATGAAGGTGTCCAGAAACAGGAGGGATTTAAGGGTGAGGGAGAGAATGAAGAAGACAGACACAGGCATAAGAGACAAAAAGAAACCTCAATGTTATTAAAAATTCAAGCCAGGTGTAGGGGTGCACACCTGTAGCCCTAGTTACTAGGGAGGCTGAGACGGGAGGATTGCTTGAGCCCAAGAGTTCAAGGCCAGTCTGGGCAACATAGCGAGCCTGCCTCAAAAAAGAAAAAAAAATCACTACAACCATAGAGGTGCAGTAAATTCTAAATCTAATTGCCATATTAAGAGGCATTCATTCTCCATTCCCTTCATAAAACCTACTTATTAATGCCAGTCACACTAAATATTCATAACCAATAGGCTGTGCACTAGTACAGAAGTCTCAAAAGTGGAGAGTAGCCAAGCACAGTGGCTCACACCTGTAATCCCAACACTTTGGGAGGCCAATTCAGGAGCATTGCTTGAGCCCAGGAGTTCGAGACCAGCCTAGGCAACATGGTGACACCATGTCTCTACAAAAAATTTTAAAAATTAGCCAGGCATAGTGGCACATGCCTATAGTCCCAGCTATGAAGGGAGGCTGAGGTGGGAGGATCACTTGCGCCCAGGAGTTCAAGGCTGCAATGAGCTATGATCATGCCACTGCACTGCAGCCTGGGCGACAGAGCAAGACTCTCTTTTTAAAAAAAAAAAAAAAAAAAAAAGGCCGGGCACGATGGCTCACGCCTGTAATCCCAGCAGTTTGGGAGGCCGAGGCGGGCAGATCAGCTGAGGTCAGGAGTTCAAGGCCAGCCTGGCCAACATGGAGAAACCCCGTCTCTACTAAAACACAAAAATTAGCTGGGCGTGGTGGCGCATGCCTGTAATCCTAGCTACTCAGGAGGCTGAAGCGGGAGAATCACTTGAACCGGGGAAGCAGAGGTTGCGGTGAACCAAGATTGCGCCATTGCACTCCAGCCTGGGCAACAAAACAAAACTCTTGTCTCAAAAAAAAAAAAAAGGTGAAGAGTATTCAGGAAGATCTCTAGGATACAAGGAAAAAAATATATTTTTTATCTCACCCTTTTAAAATGTCTATTTGGTAATGTGCCTGGCACATTACATATATGCAAATACATATGTACATAAATACATATACTACCTACGTACACACATACACATTCTCAGCTAAACAACAAACACATGTGGAGCACATACGAAAACTTTTTTATAGAAGCGGTACACATTTCAGAAAGTTTGCAGCCACCTCTCAGTCCTACCTGCCTGCCTTTTGCAGTTGACTTGTATGCTACGAAAAGTCTCTTCCCAACCTGTTTATGTCTGTAATACTTGTAATAATTTCTTATAATTTAATTAAATTTTATATAAGCTGATGGAATGTTGTTTTAATAAAAGAAAAGAATAGTCTCTGTGGAAACTTATGTTGGAAAGGCTTAGTTACAGTGCAGATTGGACAGAATATTTTTTTTTTAGTTGCTGTCAAATTTAGGCTAGGTAAGATACCTGTGCACAGTTGAATGCCATAATCGTAAAAATCTAGGATTCTGCTTTAGTTTGGCTTGCAAAATTCTGGTATAATAAACTCGATGTACCCTTATCCAGTTTCAGGGATTATCAACTCACAGCCAATTTTGTTTTCTCTCTTCCCCAACCCAGGTAATTTCAAAACAAATCCCAGATATCCTATGTTTTATTTATAAATATTGCATTATATATCTTTTTTTAAAAGGAACCTTTTTAAAAAGCATAGCCAAAATATTATCATAACTAAAAAATTCAGTCACTTGTGAATATATCAAATATCTCTGATCAGAGTTAGATTTTCCCAATTCAGACATATCTCTTATCCTTTCAGTCCAATATAGATCTTTCAGCCAAGTGGTGGCGAGGTGATGGATTGGCGACCATGGGGAGGGTGCAATTGAACTTGAGCATGGGGGAAATGAAGTGGGGGTGGGAGAAGGAAGGAGCTCTATCTCCAGGACAGAGGCTGTTGTTGCCTCCAAGGGTCACTGTCCTCTCTGTGTGCACAGCTCAGAGCTTGAACGTATTTCAGCCAGAAAGAACCTCACCCAGAGGGGCTGTGTCCATTCTGCTTCCCCGCAGGATCTGTCTCATGGCCTGTGATTTAGACCGCTGGGTACTTTGACATCTGGGCCCGCAGTGTGAGGACTTCCAGCCCCTAAAGGTGTTCTTCATTATCCAGATCTGTCCCTTCCCTGGGCCTTGACCACAGTGGTGAGCTCAGCAGAATTCCCTCAAAAGGAACTCTGTGTTTTGAGTGGCTCATGGGAACCCGGGTTTGGGGTTCCAAAGGTAGCTGAGCAGTGACAGGAGAGTGCTCAGGAGAGGCCCTTCCTGAACAGGGGAGCCAGGGGAGGAGCATGCACAGCAGGACCGGGTTCTGCTGTGCCCGCTACAGCGCGATAAGGCAAGCAGGGCGGCACATACTGGCACTTCTTCCTTTCAGTGCTTCCTGAAAGTGAGCACAGCTGCTTCGTGGCTGACTTCGTTATCTCTTTATTTCCAGAGAAGACTCTCAACTCAAAAAAGTTTTCACTGATGTACATGCAGTGTGGACGTAAGCAAGTGGCTTTGCCTGGCTAAAACAGTGATAAAAGGAGCTACCTTAGCGGTGGTGAGGGTCAGATACGCTTGCACACATAAATACATGGAATGATGCTCGGTATACAGCATTGTCCAACAGAATATCCTGTGATCTTGGAAACATACTGTGTCTGTGCTTCCCGATGCAGTTGAGCCCTTAAAAGAAGGCTGAAGTGACTGAGGAACTTTAATTTAAATTTGAATAGCTACATGTGGCTTTGGTGGCTACTACATTCCATGCAAGTCTAGGGGATGTTGATAATACCATAACGATGGTATTTTGTTTTTATCCACCCATCTGCACACTGATGTAAAATTTTTAATATGGTTCTCAGTGAAGACCTAGAAGACAATACTGGTCTGAAAAGCAGAGACAATATTATAAAGTGGTGTTTGCTATGCATCTGTGTGGCCCAGAACATTTAGGATGTCAAAGATCATCTCTGAAATGAAGGGTCAGATTTTGAAGTGGACTGCCTCTGTGGGAGTCTTTCAAGGAAGGGGAGACAGCCTTGTGATAAGCATGGGTGGGAGCAGGAACTCAGGCTGACATTTTGTGTGTGCTTCTTACTGGCTGTGGGGCCTGAGTCACATCGCTTCGTATTTTTGATCACCGGTGTTCATCTGGAAGATGAGGGTCATGATACGCACCTGCCTGCTGGGGTTGTCATATGTGCTGAGCTGTCAGGGCGCCTGGGCTCAGTCCATGAGGACCATGGTTATCATTCAGATAATGATGATGCTAATACCACAACTTAATGCACAATCACCATCACTTCTAATTAGATTGGAAAATTTAATAATTTTTATCCCTATCAGATGCCAAGGATGCTGATTGATTGCCCTAGATACTACTTAAATGTATGCTCTTCTGACTTTTAAACATTTACAATAATTAGAATCCAGTGAACTCAGGGAGAGAGAAACCTCTGACATGATCCCATTAATGCCTGATCGAGGCGAGAGCGAGCAGGTCGGCCATGGTGGCTTCAGGATCCCAGCTGTCTTCTTGTGCTCAGACTGTGGGTGTTTAGGTCGTACGTACACCTTGTGCTGCCTGCAAAGATTTGGTATCCAGAAGTTGATAGAATACAACTTTTTTAAAAGGAAGAGGTTTTTGGTGCTAACCATGCAGCCTGGCTTCTTGACATCATATCATTTTTATTTTACTCAATTGAAATGAATCAACAAAAACTTAAGTCTGGAAGAGTGGAAACTCTGACTTAACTGCTTCCTCATATGCTCTCCCTTTCTGC
chr6	43178882	43179066	+	ENST00000265354.6	1.09958111732	0	0.54979055866	GTAGGTAGGGATATCTTTCACCCCATCCCAGATAGCCACTTCTTTGTCTTGACCTTAGGGGATCCTGTTACCAGTTCATCAAAGCCAAAATCCCTAGCCTGGAAGCCCATCTGCTTTTCTGCTCAGGCCTGTGGTTGGCAGGCAGGGAAGCCAGGGGAGCCTGAACTGGCTGGCCAGTCCCTGC
chr5	132271093	132271276	+	ENST00000253754.8	0.274895279331	0.313724131955	0.294309705643	GTAGCACAGAGATGCCTTCGGTGCCATGCCCAGAACCCATCTTAACCCTTGATCCCTCAAATCTCACCCAGTCCCACTCTGACCCCTGACACTTGATCCTTGGGTCTTAGCTGGTTGCATTCTGACTCATAAGCCTTACCAGACCCCAAGTCCACAGGGTGAAGGCTGGAACTGCATCCCTTC
chr5	177310562	177310667	-	ENST00000427908.6	0.549790558661	0.313724131955	0.431757345308	GTGAGTCCCAGTCCTGCCCTGACAGCGCCAGCCCCCAGGGGCCACTGCCCTCTGGCCTTCCCTCCCCTGCCATTCCTGTGGCCGGCAAGGTGGGGCTGGCACTGC
chr3	49032796	49033119	-	ENST00000395443.7	0.824685837992	0.62744826391	0.726067050951	GTAAGTGTTCTAGAGGCTCCACTGCTGGCATCTGTCCAGTGAAGAGTGTGGAAGCTATCCAAGAGGCCTTCTGAATTCCTCTGACATATATTTGAGAAACTGGGCTACTGAAAGCCCTAACCCCACTTGGCTGCATTTTATTTGGTAACCAGTGAGGCAAACACCCTTGCCAGACCCCTACCATCCATCTTGATGTGGTTCCTGCACTGGACACTGCTTGGGTACGGGCCTGCCCAGATCTTGGGAATGTGGGCAGTGGCTCCTCTGAAGCACCAGTGGGCAGAGGATGAGTCATGGTATCCTCCCGGCACCCCTCCCTCTGC
chr3	51994151	51995041	-	ENST00000648640.1	1.37447639665	0.62744826391	1.00096233028	GTGAGTGCACTGAATCACATGGAAGTGTCTTTTCTTGGTTCCAGGTGCACAGTCAAGGCCTCTCATGTAGTTTTTCTCTAGCTTTGGCTTCTGCCTGAGCACAGCCTAACTGGCCCACCCAAAGCCTGCAATTCCTTTTTCTACCCTACCAGACCCATAATAAAGCTTTCCTTGGTCTCCACAGCCTGAAGTGTAACCCTCTGGTCAGGGTGTAACCTGCCTCCTGAGGGCAGTTTGGCTATCTCCCTTGCTTGGCAGTGGCACTTAGGGTAAGGAGTGGCCTTGTCTGAGTGCGTGCAGGGCACATTCCCACACTGACCAGCCTTATGACCTCCATCTGACCCAGTGCTGGAGTTGGGGTCAGCTTCTCTTCCTGTGTCAGGGGGTTCTAAGGATTAGCTGAGAAGGCTGGAGGGTCTAGGGGAGAGCTGAGCATGTCCCCAGTCTGTTCCTTCCCTTTACTTTTGCTCTCTGTTCCGTGGAGTGAATCACAAACTCTGAGCCTCAGTTTCCCCATATCCCACCTTGGCTATAAGTCTTTTGGACCAGACTTGGTATTTAATTGACACCTTCTTCTAAAGAGGGGAGGGGGTGTCCCTGAGGGGATGTCAGGAAAAAACTTGGTCGAACCCCTGCTGTAGGAAGTTGAAGCCCCACAACCTTGGCAGACAGGGCAGCAAAGCAGCTTGTAATTTTGTTCTTGAAGGAGGTCTGCACAGCATTACCCAGGTGGCGTATTGGCTCCCTGGGGTGGTGGTACACTTTCTCTGGAAATAGTTTCAAGAGGTTGGGTATTTCCACATTTGAGGTTGACTTGATGCTGTCTTTAGAATGCTGGGTACCCCTATGGAGAGGGGCAGCAGGGAGAGACTTGGGGACCCACATGCTGC
chr3	52490231	52490679	+	ENST00000479054.5	0.824685837992	0.313724131955	0.5692049849735	GTAGGCACAGGGCCTGCTGGGGCTCAGGAGCTTGGAGTGTGTGGTTGGGGCAGGCCTGGGGGGTCATTCTCTGGAGCCAGCTGTGTGGCTTCAGGCAGCAGTCAGCGACTTGGCTGCAGTGGGCTGAGAGTTCCTTGTCTGAGGAAGGGAGCTGTCATGAGGGAGGGGTCCATGGCCAGATGTGAACGCAGAATGCACTGAGCCAGGGCCTGGTGACTGCTTGGGAACAGCCAGTGATGAGAAGGGGTTAGGCAGCCTTTGCCCCTGGGGCTGCACAGGAAGCCCTAGCCAGCGACCTGGTGACTCCCCTGAGCTGGAAGAGGCTCCGACTCCAGAGGGCATTGCCTATGGGGCTTTGCACGGGTGGAAGCCAGGCCAGCCAAGAGGACCTGTTCCTGCTGGATGTGCTGCACACCTAGGAACCTTGTGCTTGCCTGCCACCGCCTCC
chr3	184182248	184182735	+	ENST00000382456.7	0.824685837992	0.941172395865	0.8829291169285	GTGAGTCTTTCCTTCATTAGGCCACAGCAGGGCTCAAGATCCCAGTATACCCTCTTGTTTTCAGCTTTGATCCTTCTGAATGAGGGGCAGGGGAGTGTGCCTGTTTGCTTTTCTAGGAGCCTCTGCTTGTACTGTCAGTCTTTATACCTCCATGTGAGTATGTACACGCCTGCATTTGGGTTCATGCACGTGCTTATTTTTTAAGATGCTTTGGCATTTCCCTTTGTAATGTATACATTACAAAGGGAATACATTGCCTTTGTAATGTATCTGTGAAGCAGACAAAGCAAACGATAGCATGTCCAAGTGTCTAGGCAGAAACTGCATCCTGTTGTTCTAAAGAAGTAGACCCAAGTTTCCATAGCAAGTGGTTAGCAGGGTCCTGACCACTTCTCCTTGTTCTGGCACCTCCTGCAAGCTCCTGGGCTCTCTCCTTGCTTGAAATGGGCAACTGCCCTTGAAACTCCTCCAAGCCCCAATGGGCTGC
chr2	17752892	17753001	-	ENST00000621152.4	0.549790558661	0	0.2748952793305	GTTGTAGAACCAATAGGGTTTGAGGTAATACTGTGAAAATTCTTAGAGCAATCATTTGGTGTTTGAGCCCTCAAGACAGAAGTTTTGTGAGCGCTTATTACTCTGCATA
chr2	27233140	27233282	+	ENST00000264705.9	3.5736386313	2.19606892369	2.884853777495	GTGAGGGAGATGGAGGCTTCCTGGTAGCTTGAGTGGCCAGGGTCGAGTAGAACAGCTGGCTGACCTAAGATTCTTTGAAACTTGGTGGCGGCTGAGGGAAGCAGTGAGCAGGAAGGCTCAGATTCCTGCCCTCTTTTGCTGC
chr2	27373311	27373835	+	ENST00000537606.5	0.274895279331	0.62744826391	0.4511717716205	GTAGGGCTTTGGGTGGGACCAAGATTTAAGGAAAGGACCTTGCTGGAAGGTCATGTCTTTTATTTTTTTGAGACAGAGTCTTGCTCTTTTGCACAGGCTGGAGTGCAGTGGTGCGATCTCAGCTCACTGCAATCTCCGCCTCCCGGATTCAAGCGATTCTCCTGCCTCAGCCTCCCAAGTAGCTAGAATTACAGGCGCCTGCCACCATGTCCGGCTCATTTTTGTATTTTTAGTGGAGACGGGGTTTTGCCGTGTTGGCCTGGCTGGTCTCGAACTCCTGACCTCAGGTGATCCACCCGCCTTGGCCTCCCAAAGTGCTGGGATTACGGGTGTGAGCCACCACACCCAGCCAGGCCATGTCATCTTAATAACAGAGGAGTCATCTTTTTTAATGGAATGGAACTTCTATTCTTATGAAATCAAAGAAATCACAGCCTATATTTAAGCAGCTGAGAATAAAGACACACAAGGGACCTAGAAATAGAGTTGGGCATAGGTCAAGGCAAGGGACAAGGCAGTGCTTC
chr2	241498382	241498638	-	ENST00000316586.9	0.549790558661	0	0.2748952793305	GTAGGGACCTGGTTTATCCTCATGGTGACCCTAGGTGCTGTGACGTGGGTGGTCCCCACTCCAGAAGCAGGGGCGTGGGCCCTGGGGGTGAGGGTGACCAGATATAGTGTTGGGCAGGGACCCCCTCAAGGCTGCAGGACAGGGCCTGCTGAGGCATCAGCTGGACCCCGTGGCCTGGCAGAGCCCCGTCTGGTACCTCGGGTTTCCCTTGGCCGTGAGGTGTGCCCTGAGGCCCTCATGCCTCCTGGCCCTCTCC
chr1	9744023	9744394	-	ENST00000377298.8	0.549790558661	0	0.2748952793305	GTAGGGTAATAGCTCTGCAAGCGATGCCAGGCCCCAGTGTCCAGTAGGGTGGGTGCCAGCGGCAGGCTCCCTCTCCTTTCCCAGGGTCCCCTGCCAGCCTGGTGCTCGTAGGCCATGTGCCATGCTGTGTGCCTGGGGCACTTGGTTCCCTAGAGCCACGGCCTGGGCATTTGGGTATTAGCTGTTGTTGCTCAGTGGGGTCCACGGTGATCACAGGCTCCGCCTCTCAGGAAAGCCCAAGTGTATTTGTTTCTAAGCCCTGCCTTGGCTTAGCCGAAGAGTTCATTTATGCAGATGAAATTGTGTCTTCAAAATCCATTCAAGAAACAGCTTTAATTTCTCCTTTGGATCTTTAGTTGGCAATTTACCCA
chr1	12001836	12001957	+	ENST00000444836.5	2.19916223464	2.19606892369	2.197615579165	GTGAGTCCTCTGATTCTGGTATCTGGCGATTCTGTGCCTCCCCAGCTCCCATTGGCTGTGTCCCTGGCAGTGAAAACCAGAGTCTGGCCCTTGGTTGTAGGCCCCTGGTGGCCCCCACCTC
chr1	12029894	12029996	+	ENST00000235332.6	0.549790558661	0.313724131955	0.431757345308	GTGAGTGACCAGAGTATTGGGACACCTTGGGGGACAGAGCCTGAACCACTGGTTTTAAGAAAAGATGGGCCTGGGCGTGGGCCCCCAACCGCTGGGAGGCTC
chr1	19158025	19160110	-	ENST00000375254.8	0.274895279331	0.62744826391	0.4511717716205	GTGAGTGTCTTGGGGCCATGATGTTTGGTGGCTGTGGGAACCAACAAATTTATTGAGATCCCAAAATGTGCTAGATGCTCTGAGGAGTATACTTAGAGCAGTTGATGCTTGGCCATCCAAAACTTAGAATCTAAGACATCATGACATGCCCAGAACATATTATGAACAGTGTGAAAATCAGCATACGAGGTTTGGCTTCAAAAGAAGAGAATTGGCCAAGGATGCACCTATAATCCCAGCACTTTGGGATGCCTGAAGCAGGTGGATTGCTTGAGCCTGGGAATTTAAGACCAGCCTTGGCAACATGGTGAAACCTCATCTCTACCCCAAAAAACACACAAAAAATTTAGCTTGGCATGGTGGCACAGCAACTATAGTCCCAGCTACTCGGAAGGCTAATGTGGGAGCATCACTTGAGCCCAGGAGGTTGCAGTGAGCTGAGATCGTAGCACTGCACTCCAGCCTGGGCGACGGAGTGAGACTCTCTCTCAAAAAAAAAAAAAAAAAGGAGTGGGGCTGGGGAATCCAGGGTCATTTTGGCCAATGAAGAGAATAAATCTCCTTTTTAGTTCATATAAATATATGAATCTCCAAGAGGTGGGGAACTCCATTTTGGGGCAATTAGAATAGTTAGAGAATTTTTATTTTTAGAAAATAGAACTTTATTGTATCTTCTCTAAAGTTCATCTAACTTACAAAATAATGTTTGTCCTCTTTTGCATATAGTCCTTTAGATAACTTTCCTTTAGTTTTTCATGTCACATGGGTTATAAGGTATAAGTCATTATTCACTTTAAAACCTGCTGCTCAGCACTGAATATAGACTTCTGATGTGGCCTTCCTGGCCTTTTTTAGCAGCAGAGTTAAGTAATAGAAAGTAAAGTGGTGGCGATTCCAAAAAGGAAGTGAACAAATATTGCGAATGAGATATATGAATAGATCTCATAAATTGGCTTTCTTTTTTGGAGATGGAGTCTTGCTCTGTCACCTAGGCTGGAGTGCAGTGGCATGATCTCAGCTTACTGCGACTTCCGCCTCACTGGTTCCAGCGATTCTCATGCCTCACTCAGCCTCCTGAGAAGCTGAGACTGGAGGCATGCACCATCATGCCTGGCTAATTTTTGTATTTTTAGTAGAGATAGGATTTCACCATGTTGCCCAGAATGGTCTCGAACAACTGTGCTCAAGTGATTTGTCCACCTCAGCCTCCCAAAGTGCTGGGATTATAGGTGTGAGCCACTGTGCCCAGCCAAAGTTGGCTATTTTTAAGGGAATAATAGTCAGTTGGAAATATACACATACATACCCATATATATTCTGGCATTTTATTAAAATCAGTCACAGTTTTTGCCAGGTGCAGTGGCTCATGCCTGTAATCCCCACACTTTGGGAGGCTGAGGTGGGCAAATCACTTGACCAGAGGAGTTCGGGACCATCCTGGGCAACATGGTGAAACCCTGTCTCTATAAAAAATATACAAAAATAATTAGCCAGACATGGTGGTGCATGCCTGTGGTCTCAGCTACCTGGGAGGCTGAGGCAGGAGGATTGCCTGAACCGGGGAATTCGAGGCTGTAGTGAGCTGATATCACATCACTGCACTCACCACTGAACTCCAACCTGGGTGACAGAGAGAAACCTTGTCTCAAAAAAAAAAATGAGTCACGGTTTTATTTGATACTCTTGGAATTAAAAGAAGTCGTAAAATCAGTCACACTTTTAGAGCATTGGTTTTTAGATATTAAAGATGAAGTGAAAAAATACTTGGGTTGGGGGCCCATAAAGTTGCTGATTTTTATGTTGCCAGGTTAGATCAATGAAAACAAATGTCATCTGTCACCACAATTTGTAAGAGATTGGACATTTTAACATTTTTTTAAAAGACCAGTACTTTGTATTTAAGTTTAGCTTTATGAAAACATTTACTATGTTATTCTTAATGGATTGATAATAACTTTAACACATTTACACAGCCATCCACGGTTTGGAGGCCGAAATCACTGCTTTTGAATGACTGAATTGTGCAGTGTCTCAGGCACATGAATAGTGCGTGAATCCACTTGATTTTATTTGCCTCATTACTGC
chr1	44753254	44753699	+	ENST00000372224.9	0.824685837992	0.941172395865	0.8829291169285	GTAGACACACTGAGCTGTCTGCTGTTCTGCTTCTAGTGAGGCACAGATAGTTTACATCCTGTCCTAAACCTGGCCTACCTTGGCACCTGAGTTCAAGCCCTGTTTGTCACGTGGGGGCATGTTTTCCTCTGGCCATGGAATCAGTCTTTCATTATCAAGACAAAACAAGAACTGTTTCACTTCTGTGGTTGTTGAGAAAGTAGCCAAGATGCATAGGAAGAGCTTGGGTTAGAACTGGAGTGCAGTTATCACTATTTGACTTCATATTGGCCAGGCCACTACTTTGTGGACTTGTCCATCCCGAGAGTCACATCTATTACTTCTTTTTGCATATAGTGATTTAAGAGTAAGGATCTAGAGAAGGCCTCTCCCTGGGAAAGGCCCAGTACTCAGTAAATAGCCAGAGAAGAGTAGGCTGGCTTAAACTGGTAACAGAGTGGGCTTC
chr1	46022971	46023209	+	ENST00000361297.7	0.274895279331	0.62744826391	0.4511717716205	GTAAAAACCCTGAGCTCCTACCCCATTCCTGGAGCCTGGGCCCTATGAAGCAAAGAGCTATGAATTCTCTTTAAGAGAATATCTGAGGAAGGGATGGGGGAGTTGGTGACAGCAAACACTGAGAAGTCATTCTACTCCCAGAAGAATGAGCAGGAGACTGCACTAGAGCTGACAGCTGAGAAGATGCTAGAGCCACAGCTTCTGCAAGGATATGGGCTCTGAGAAGCATGCCTGTCTC
chr1	156042260	156042773	-	ENST00000368309.4	0.274895279331	0.313724131955	0.294309705643	GTATGAAACCAGCATGAGGAGAGTATTGTTGGGGAGAGAGTTCCTCTTGGTTGGGGGCAGTTTCTTGTGGTCAAAACACTGTGGAGCCAGACTGCCTGGGTTTGCATCCCAAGCTCTGCTGCTTCCCAGCTGTGTGAGTTAAGCAAGTTATTTAGCCTCCCAGTTTCTTTATCTGTAAGATGATAATAACAATAGTTCCTACCTCCTATAGTTGTGAGGATTAAATGAGTTAATACACGTTAAGTGCTTAGAACATGGCGTGTGACAGAGTAAGTTCTGTATACCTGGAAATGTTAGCTGTCCTCATCATCATCAGACCCAGGGCTGAGCAGGCTGACTCCTCATACTCTTCATTACCCAGAGCATAGTTCCATTTCCTCTCACTGTCCCACTTAGGCCTTCAGGATACTTTGAGATCCCCGGAGAAGCTGGCCAGATTTCCTGCAGTGGTAGGGGGTGCCCAGGGAGTCTGAGGCTGTGGGGGAATTCTTAGGGTGAAAAGGCCCAGGTCTC
chr9	33467279	33467393	-	ENST00000297990.9	0.549790558661	0.62744826391	0.5886194112855	GTGGGGGACCCCAGCATGTACACTGGAAGGAATGGGGTGGCTCGTCCTCATGGCACCTGGACTGAAGCTTGTTGGGGAGGGTCCACAGAGCCCTTCCTTCCCCAGCTCTACTAC
chr9	34993444	34996241	+	ENST00000453597.7	0.549790558661	0	0.2748952793305	GTAAGAGGGCAGCACTCCAGCCCAATCCCGGACCCCTCCGCTTGGTAGGGGTCCCAGGTGCACCAGTTTGTGTAGCGGGGAACTGGAGGCTGTGGAGGGGGTGAGGGCAGCAAGGGTTTCCAGCACTGTCACCCAGAGAAGAGAGAAGCCCACCCACTACCCAGCTCAGCTCACCCTAGTTCTCCCCGCCTCTCTCTGCCCCCTCCCTCCTCGGGTTCAGGCCTTAGAGAGGTCTGAAGCAAGAGCCAGAGGCCTTCCCCGCCCTTCTTTCCTTCCCAGCCTTATTAGTCCTGCCTGAAGTCTCCGCTGCTTCATTGGCTGATGAGGAAGGTTGGGGAGAGGGAGTGTGTGGCTCTCTGAGGACAGAGCATTTACATTCATCAGCATAAAAGTCTGGCCCTTAAGCAGCCTGGGAATTAACTACCAGAGCTCTGAGCAGAAATGGTTTTCCCCTTCTCTCCCCCGGCCCTGCCTGCTTCTGGCCAGCAGAACAGAGGTGGAGCTTTGCCTCCCAGAGGAAGTGGCAGGGATCCAAGGGTGGACGGGGAACTGCTGCTGGCATCTTCCCCCTTCCCTGGGGTAGCTGGTGGCCATGGGGTGGGAGGCAGGAAAGGCCCAAATAAAGCCTCTGAGAGGGAGGCCCCTCCCAGCACATCCCACGGCCATGATGTAGCTGCTAATTCTGGGCCTGCCCCTCAGGGCTGCCTGCCACCCGCCAGCCACAGGCACCTGTCAGGCTATATTAAGAGACATTGTCACGCTGAGGACTCTCCTTCCTGGGAAGAACTGTCCTTCCTCCCCAACAGAATCCACCTTTCTTTCACATTCTCCTCCTCTTCACCCTCCCCTTTCTATCCTCAAAACTAAATGGGCTAATCATATGTAGATAAGAAGGTTATTTTCTTCCCCTCCTCCTGGCCTTGTGTTCCATGCCCCTCTGTGAACCCTCATCCTCCCAACTCCCTTTTCCTATTCTCCATGCTGCCGGTTCCTTCCATTCTTCCTGCCTACCTCCTAGACGTGCCAACTCCCAGATTCACCAGATACCGGCTGGAACCCCCAGTATTCTTTCAGCTAAGACATTTTTCTCTCTGGCATGGAGGGATGGGAGGGATAGGAGTGGAAAAGAGGGAAGCAGTGCAGACACCATGCCACCATGTGACCTGTCTTGGAATTGCACCCATTCCTCCATTCAGCCTCACCTTTGTTTAGAAAGAAGGCAGGAGCTGGGAGAGCTCCCTTGAGATACTTCACCCCTTCTGCCTAAGTGAAGGGGTCCAGACACCAGGTTCTGATGCAGAACCCCATCCCAGGAAGGCCCCTGAGGATGCGGCATGGCCTTAAGGGGACCTCCATGGCCTGGGGAGGGAGAAGCAGCTTAGAAATGTTGGTTATATTTCTGTCCACCCTGCCCAATCCCCAGCAGCCATTTATTATAGAGCAGTTATACACACAGACTCTGTGTGCAGCTCCAGCTAGGGACAAGTTGCTCCCAGCTTGAAAAGGGGGTGGTAGTGGAAGAATAGAAATCCCTATAGAGAGAATTACCCCTTCCCATCATCATCAGTCCAGCCTCCCTCCCTCTCTCACTGAGCTCTGCCAGGCTGCTTGAACTCGCTTGATAATCAGCCCCTCGATAGAAGGAAAGGAGAGATCCTAGGTCTTGGGGGAGGGGTGAAGAGGCAGCTGCCACAAGTCCCTGAACCGTCTGCCACTTGGCCTCTCTAGTGAAACTCAAATCTGCCCTTGTGGTCCCAGGAAATAAGAGGCTAATTTAGGCTCAGATCTCCATGATCAGTTGAAATTCTAGATAAATGGCCTCAAAGAGAAGGGTCTCTTTCCTAGCCTGGACCCCACCCATAGTCTCTGTATTCCGGAGCAGTTCTCAGTGTGAACCGTCTCCCCACATCCCCCACTACTGCCAGCACCCCCTCCTGTGCATGAAGGCTGCCTCCAGGAATCTGAGCCCCTTAGACAGGACCTGACAGAGAGAGCAGCTAAGGTCACCACTGCCATGTGCCAGCCCATTCATGCATTTTGGTTGCTCAACATTAGGTGTGGGGTATGGCGTTTGCTGTTGTATAACTCCAGGGAGCTCCATTCCCATTGTAGTCTATGTCTGTACAATGTGTGAATGACACTCCCTAAAGTTGTGTAACACCGAGCAGAGTGTGGGAACAAAGCATTTAAAAACTTTTTCTAGAAAAATAGCTCTTCATCTCCAAGCTAATGAGCTTTCCCACTTTTTAAGGCTTCCTGATTTCCCGTTTGAGCAGGGGCCAGGGAAAGAGGAAACACTGCTAGAAGCAGAGTGAAAGTGGTCTTCCTCCCGGGTTGGATCCCTAGCCTATTTGCGACTGTTCACTTACCAGCCCCCTCTGTGGTCACATCCTGTCTGATGGCCCCTTGTCCTATATGTCTTTGGAGATAAGCAAAGATTTGGGAACCAAGTATCACTTGTAATGTGACACCAGGCTAGTCATTCAAGGCTTTTTGAGACATCTTTGGACCATGAGTATGTGGAAAAGATTACAGGACTGGAAGTCACATCCTCTAAGTCCTCTAGTCCTGGCTTTTCCACCTATTGGGTAAGCAAGCCTCTTTGAATCTCAAGTTGTGCATCGTTATTAAATATATAATTAGGAATGGAAGATAATCTTGCCAGAAGCCTTTCTTACTCTATTAGCCTGGCCCTCTCTGTGGGATTTAAAGGTTGCTTCTTTCTTTAAGCCTGTGAACTGGGAGCTAGAGGGCAGGGGGAAGACACTGGGATTGGGGCCAGAATAAGCCACACTGC
chr9	35684336	35684487	-	ENST00000644325.1	0.549790558661	0.62744826391	0.5886194112855	GTGAGAGTCCTCTTCCAGTTCCCAGTCTCCCCTCAAGCCACCCTAATCCTTGCCAGAGACGGCCTGTGGCAGGACACTTGAGGGTTGGGATGGACAAGAAGCTTGACTTAGGCAGTAGTCTGTGGGAGGGCCTAATTCTTTGCCATTTCTC
chr9	136806559	136806828	-	ENST00000414656.1	0.549790558661	0	0.2748952793305	GTACGTGAGCTTCCCCTCGCAGTACGCCAGCTTGCTGTTCAAATCGAGGGTGTTGGAGAGCACCACTTCTCTCTGTAGGCCGGGAGGAGGGTCTCATCTCCCCTCTGGCCCTGCCCAGGGACCTGGTGTGTGGCAGCTCAGCCTCACTCCCGGTACCTGGGTCGCAGGCAAGTTAATGCCCATCAGCCGGACATAGAGGTTGTCGATGCCCATCTGGATGGTCAGCAGCAGCTCCTGGCCCTTGGTCATGTTGCTGTGCGCCAGCTGGA
chr9	137175499	137175707	-	ENST00000487917.1	0.824685837992	0	0.412342918996	GTGAGCCCACCAGCCCCTAGCTGGCCTGCCCCGGCCACACGGCCCAGCTGTGGGTGAGGGGCTGTTCCCCAGTGAGGGTGTGGTTTGGGGCAGCTGCGCCAGCAGGCGGCACCCTTCCCTTTCCCACGGGCAAGGCAGGGTGGCCCGGGAGCCCCCCGACCTCTCGGCTGACGGGAGGCAGGGGAGGTGCAGCCCGTGCCCAGGCTGC
chr9	137272222	137272481	+	ENST00000343053.5	0.824685837992	1.25489652782	1.039791182906	GTAGGCCTGCTGGGTACCATCCGGCCCGCTCTGTCCTCTCAGCTCTTGTCCGTAGCAGCCTGAGAGGTGGCTGCTGTCCCCAGCCTGGGGCGGAGGGTCCGCAGGTGGGTCTGTTGGGCACCAGGGCTCGCATGTGGCCCTGCAGGGTGCCTGGGCACAGCTGGGGAGGGTCCCAAAGGCTGGCCATGTCCTGTCTCCAGGGGCCTTGGCCACCTGCATCTGGGCTGGGCCTGGGCAGACAGCAGGGCCTGCCTCCTGC
chr8	27511910	27515694	+	ENST00000521400.5	0.274895279331	0.313724131955	0.294309705643	GTGAGTCAGTTTTGTCTCTCAGTCGGCTAAGTGCTCTCCCACCAGGTCACCTAAAACGACCAGCAGAGACACCCAAGAGGCTGAGCTGTGAGGATCACCTGAACCTGAGCCTGGGAAGTGGAGGTTGCAGTGAGCTGTGATCACACCACTGTGCTCCAGCCTGGGCAACGGAGTGAAACCCTGTCTCAAGAAAAAAAAAAAAAAAAAAGGACCAGCAGTGACATTTGTTAAATATCGAGGGTGGTTGAACATCCACTATTTATAAGGAAATGTTATTTCCCACAAATCTCATTCCTCAGAAATCAGTGAAAGACAGACCCTGTCTCGGATTCTATAAAGCAGTGTGACTGATGTGGCCAAACCCCCATAGAACAGCAGGCTAGGGAGCTTGGGCAGCCTGGGAGGCTAAAGCATGCACACAGCTGGCCTGTGTTGGAGGAGAGCATGTTTTCATTCAACAGGCATTTATCGAACACTTCCTCTGTGTCAGGCACAGGCCAGATACAAGGGGTGCAGTGACGATCAAGACAGACCTGTCCTCAAGGAGCCCACATTGAGGGCAAAGAGAGGGAAAGGTCATTAAAATGTTCTTTTTGTTTTAAAGGGTTATCATAAAGCCAAGGCCACACACAGAGGGCCCTGGCTCGTGGCCTGGCTGAGACATCTAACTTGGCTTGCTGACACAGAGCAGGGGTTTAGTACGTCCTCATGGATTCACTTTGGGATCTTTCCTCATTTGTCATTGGCCTCATTTAAATATGAAAGGATCTAAAGCAGTGGGTCCACTCATCAGCAAAAAAGGCCAGACAGCTACTGTGCAGGCAGATAAACCCAGCTGGAATCTTGGTTTTGCCACTTAACTGACATTGCAGCCTTGGACAAGCATCTTATCCCGGTGAGCATCAGTATCCACAACTTCATAATGAAATGACAATAATATCTCTCCATGCCATTTCTGTGAGAATTAAATGAAATGTTGTATGCAGACCATGGGGCATAGTATCCAACAGCCACGTACTCCATAAACAGCAGCTGACAAACAGGAGAACTGGAGGCTATGGCTGTGCTGACCTTGGAGACCTTGGGGACCCTTGCTGTCCTGGAGGAGAACCTTCAGAGAGAAATTCTGAGATGAATGGAGGGTCTTCCATGGTCCCAGGGATTTTACACTCACAACCTCGGTGGTTTGGTTACAGCAAGGATGAGGTGCCTGCTCAGAATGGGATCTGTGCTCAGAATGGGTTCTGCCAGGGTGGAGGCAGCCACCACAAATGTAAAGTGGGCATCCAGGCACGAGTGGGTTTGCATAGTAAGAAAAGGCTTTTCTGGGACTTAAAGCTACTGCTCAGCGCCACTGACATCCCTTCTATAACTCTGGGTTCTCCTGAAGGGGTGAGTGTTTAATCAGGGCCTTCTGGTCTCATCTCTCTGGTGGTAAAGAGGAGTGAGGGGCTTTTCGCCCAGGGCTGGGGGCTGGATTGTAACCGTGGACAGGGTTATTCTCATAATTCCCTTAGGGTTTGCATATCCAGCCAGTTTCAAGAGATTATTTATTTGACCTTGAAGGAGTGTGATCAGAATCACTTTACCCCACCTTGTCTTTCCCCCACCCCATATTTAAGAGCTGGCAGTGAATTTCTGGGGAGTCCCAGCTGCGCCAGGCTCTCAGGGGGCTGTTGTATTGATTGCCACTGAATCCTAAACTGGGTTGATAATAGATCTTTCTGTGTTCTGGCTTTATGGACATTTTTCTTAACACAGAAAAAAAATGAGATGGGAAAGGACATGCGTTTGCTGGGCTACTCAGCTGAGTCAATATGAAGCTGTGAGCCTCAGTATCCACAGCTTCATGATGAGATGATAAAGCTCAAGAGTGAGCTGTTTAGTTGGGATCTGTGCTAGAACACAGGCGAACTAGGATCGTTTTTGATCAGACATAAGTGTGAAACATTTCTCAGTGTAAGGTAGATCAAATTTAATGTCAACTTTTGCCAAGTGCTGAAGGAAAGACTATGGAACAAACTCTGATAAACACTGTAGTCTGTGAGAGGGTCTGCCAGATGCCCACCTAATGTTTTCTTGAGCAAAATAGCTTGTTGGGAATTATGAATAAAACTTTCTGTGGGGCCAGGTGTGGTGGCTCATGCCTGTAATCCCAGCACTTTGGGAGGCCAAGGCAGGAGGATCACTTAATGCCAGGAGTTCGAGACCAGCCTGGGCAACATAGTGAGACCCCCCATCTCTAAAATTAGCTGGGGTGGTGGTATGCATCTGTGGTCCCAGCTACTTGGGAGACTGAGGTGGGAGGATCGCTAGAGCCCAGGAGTTTGAGGCTGCAGTGAGCTATGATCATGCCCCTGCCCTCCAGCCTGGGCAACAAAGTGAGACCATGTCCCCCACACTGCCCAAAAAAGAAACTTCCAGTGTGGGGCACAGCTTGGAGTCATCTAACATACAGCCAAGTGGAATTGTTCCACGTGAATTTCTATAATGTGACTCTGATTGTTCTCCTGCATTTCCTTTAGGATCGTGGAGATATGTAATTGGGGTAAGAACAGGGCACTTTGATTATTTGGTTCATTTGGCTGGACCCCACCATAACAGTCAAGGCTGGTTAGTGGCTATAACAAACACCCTGTCCCTTTCAGTGGCTTCACACCAAGTGTATTTCTCGCCTACAGCACAGTGCAGTGTTGTGGGCTCTGTCCACACAGCCATTCAAGCAACCAGACTCCTTCTCTCTGCTGCCTCCACCTTCCTCGAGGCCCATGTCATTCAGGCAGAGATAGGCAAAGGGAGGGAGGCCACGCACAGGAGGTTCCTGTGACCCCCGGATGTAGCACCTTTCCTCTGCTTGGGAGACACTGGCCGGAGCTCACTTGTGCGTCCACACCGACTGTAGGAGGGGGAGGTGCTCTGCGAGATGCTACCATGTGTCTGGAAGAAGATGGGAACACAGACTTTGTCAAGCCCTCACAGTCTCTGCCACACCCGTAGCCCCCAAAAAGACTATGGGTGTGGCAAAGCTTGAACAGATTTCATATTTAAGAAGTAAACAGCTCTTAATGAAACACTTATAGTATTGAGACAGCCAGGTGGGAGGGGGTCCCCAGAGAAACTCCAAACAGCCTGTGCACTGGGGTGGAGCCTCAGGAAGTTCTTGCCCTTTGCAGCAGGGAGGAGCCTGGCCCCTCCTCCTCCTGTGTGGAAACTGGGATTCCAACAGCGAGGCGGGAAGTGCTGTGGCAGGGAACTCTGGCCTTGCAGAGAGTCCCTGTTCCCCGTTTTTTTCCTTTTCACCAAGAAAACCCTGCTCTTTACTCATGCTTCAAACTGCGAGCCTATATTTTCATGACCTTGGGAACAAGAACCCCGTCTTCAGCTGAACTAAGGAAAAGTCTTGCAACAGTATTCTGCACGTGACCATGAATATTAAGCTCTGCACAGTATCAGCCCCCTGTTTAATATACTGAAAACACATCACAACAGCATCAGAAACTGTGAGAGTATGGGGGCCTTGTAGAGAGGAAGGAGAAGTGTGTTGTTTTGTTTTATTTTGTTTTCCAACATCATAATCTTTGCAGAATTCTTAGGTTATGGTGAGAGCCACCTGTTTTTATTGAGTAGGTTGGCCAGGGCCTCTTCTCAGCCATTTTCATGTAACACTGGGGTCTTTCACTGAGAAATCTGGGTCATGCACAATCCAGCAACGGACTGAAACGGCCCTGGCATTCTGCAGACGCTGTGGGGCCTGGGTCCACTGGGCCTGGTGCTTGGTCGCTGC
chr8	60828806	60830303	+	ENST00000423902.7	0.274895279331	0.313724131955	0.294309705643	GTATTTATCAGCTCCACTTTGTATTTCAGTTATAAAATTGAAGATTAGCCCATGAAATGGCAAAGTATTAAGTTATTTTAAAGTGTGATTATATTACAGTTTTTCCCACCTAGTACACAGAACCTTAGATACCCTTTCCTTGGACTTTCCAGGTCATCATCATAAAGGTTTTCTTCTTTATTTGTTTGTCTTTTTGCTCTTGTGAAGGGCTGTTGAGATTTATAGAGAGGTTACATACCTGTTGATGTAATTTTCAGAGATAGCTGTGCTGTGCAGGTTGGTAGTTTTGCTAGGTATGTGTAATTTTGGGGATGATGTCAGACGCCACTGACGTTGGTAGGCCTGTTTGCCTGCTGCAGTTTTGAGTCTCTGTTCTTTGTGAAGCATCTGTACTCAGCCACACCGCTTACTTCTTCAAGCCTACGTATTTTCACTTTAGAAACTTAGGGCATAACCACTGCACAGTATTTCTGTGAGAAGTAAATGAAGCATTGTGTATAAAAAGTGCTTGGGCCAGGCGCGGTGGCTTACGCCTGTAATCCCAGCACTTTGAGAGGCTGAGGCAGGCGGATCACGAGGTCAGGAGTTTGAGACCAGCCTGGCCAATATGGTGAAAACCCATCTCTACTAAAAAAAATACAAAAATTAGCCGGGCGTGGTGGAACACGCCTGTAGCCCCAGCTACTCTGGACGCTGAGGCAGGAGAATCACTTGAACCCGGGAGGCAGAGGTTGCAGTGAGCCAAGATTGCACCACTGCACTCCAGCCTGGGTGACACAGTGAGACTTCATCTCAAAAAAAAGGAAAAGAAAAGAAAAGTGCTTGGCTATTTTATATGCTGTAAGAGTTATGTGGGCATTAGTTATAATTTGTGTGCTGTATTTGAAATAAATAACGGAGATAGACTTGAAATCTTGGTTTTTACGTGCCCCCTCCACTGACTTACTGTCTAAAACCTGTTAGCTCAGTTCAGAGTAAGGTCTGTTTTGTTTTTCTTTTCTAAAATAAAAACTGTATGGATTACTCAGTTCTATTGCCAATCAATAGAAAAGAGAACCAGGGAGAGACGTCTCTGCTGGCTCCTTAGTGCAGGGACTAGATTGCTCCTGGCTCACTTCCTCTCATTCTTTAGCTCTCCCTAGAAAGGAAGAGAATAGAAACAGAGCATTGCCATGACATTGTCTTGTCCCTCTTCTCTATCTTCCCTATGGCTTAGGACAAACAGAAGGGAAAGCTACATGAATCAGTTGGATTTCTCCTGCTGGGTACTTTTCAAGCCTTCTGGCTGTTCAGGGCTCCTGGATGGGTGAAATAGTTCATTTGACATAAAATTATGCAACCTTCATGCACTGCTCTTATGAAAGCTGAGAGATGAGCTCCTTCATACTCTCACTGGGCTTTGAAAAATGAAAATGGATGTTTAATGAATGAGATAATCCTGATGTTTCATGTTAAAATATGTTTTAACTTGCAAGCAAATCATGACACTAGTATTTA
chr11	3702660	3702771	-	ENST00000429801.5	0	0.62744826391	0.313724131955	GTCTGTCCCTCCACCCCTGACTTCTGTGTTCACAATGCCCAGCCCAGCCCCTGAGGTTCCGTTGAAAACAGTGGGTACACGTAGGCAACTAGGCCTAGTCCCTCGTGAAAA
chr11	62835558	62835694	-	ENST00000311713.11	0	0.62744826391	0.313724131955	GTGAGTGACAAGAGTGTGAAGGAGCTGTTCCTGAAGTCGAGGGAGGCTGAGGCCACTGACGATGCATTAGAGACTAGATGGACTTAGGGGGCGAAGGAGGGCTGAAAACAGGGGCACATCGAGCCCCCCATAGCCC
chr17	2694307	2694479	-	ENST00000435359.5	0	0.941172395865	0.4705861979325	GTGGGCATGGCTCACAGCATCCCCGCTGTGTCCCCGCTGTGTCCCCGCTGCGTCCCTGCTGCAGGCTCCCACTCCTGGCCAGGGCCACAGGGGAAGTGGCTTTTTCACGGTAGCCGTCTGTGCGCAAGCGTTGGTGGGTTGGGAGGTGCCAACCCGCTGAACCTGGGCCTGA
chr17	8377717	8379795	-	ENST00000582471.1	0	0.62744826391	0.313724131955	GTAGGTGTTTTTGAGAATGCTTGAGAGAAGGAAATTATGGCAATTATTGTTGACATGATTGTTTACAGAGCAAGGCCATAGAAATAGTCCTTGATTTTACATGTGCTGGAAAAAAACATTTTAAAGTAAATACTACTGCACTTGTATTGAAAATTCTAATACCATTTAAAATGTTTCTGACATCAAAGTGTTAACGGTCATTATGTTTCTGTTAGTTTGTTTTTGAGACAGTCTTGCTCTTTCACCCAGGCCGGAGTGCAGTGGCACAATCTCGGCTCACTGCAGCCTCCACCTCCCAAGTGCAAGCGATTCTCCCGCCTCAGCCTCCTGAGTGTAGCTGTGACTACATGCGTGCACCACTACACCCGGCTAATTTTTGTACTTCTTAGTACAAAGTTTCACCATGTTGGCCAGGCTGGTCTTGAACTCCTGACCTCAGGTGATTTGCCTGCCTCAGCCTCCTAAAGTGCTGGGATTACAGGCATGAGCCACCATGCCTGTCCCATTATGTATATTGGGCGGAGGTTGCAGTGAGCCGAGATCGCACCATTGCACTTCAGCCTAGGCAACGAGTGAAAACGCCATCTCAAAAAAAAAAAAAGAAAAAAAATAAAGACCTTAACTGATCTTCCCTTACTTCTGACATCTTTTTCCATTCTATATGTTCTAGTCTGCTCGCCTCCTAGCAACTTGGTAGAATTATAAATTCTAAGAGCCCAGGCCTACTGAGGCAAAATTAGGGCTTATGACCCAGGTGTATGTTTTAATAAGCCCTCCAGTTGATTCTTACTCAAGTTTGAGAAACACATCTATGAAACTTGATAATCTCCTGCCTTTGAACCTTTCAACTTGCTGTTCTCTTCCAGATACCTGTGCATAGATAGATTGCTCACCACTTTAGGTCTCTGTTCAAATGTAGGGCTTTGCTTGATCACTCTAGAAAGCCCCTCGGCCTCCTCACACTTGCCTTCTTACTCTATCAAAGTGATGTAGATTCACTTGTAAATGTTTTCGGGCTCCCTATACTAGAATATGAGTTCAGTGACTGTGGAGATTTTTGTTTGGTCTGCATGCTGTATTTCCAGCACCTCTTTTCACCCTTTCCTCGCATTCATAAGACTAAAATTTATCATAATTTGGATGTCTTTTAGGATTGGAACTGTTGGAGTAAGATCGTATTGTCATCTTCTCACTAAAGATTTTGCAGGTGGAATTATGTGTGGATGCTACCTTTAATTTCTAGCATTAAAATTCTGAAGTTACTTTATTATTTTTCTGTTTGGGGGTGGGGTTTTTTTTGTTTTGGACAGAGTTTTGCTCTTGTCGCCCAGCCTGGAAGTGCAATGGTGCGATCTCAGCTCACTGCAACCTCTGCTTCCTGGGTTCAAGCGATTCTCCCGCAGTAGCCTCCTGAGTAGGCATTCACCACACCCTGCTGTTTTGTTACTTGTTTGTTTTTTGAGATGGAGTCTCGATTGATCGCCCAGGCTGGAGTGCAATAATAGCACCATCTCAGCTCACTGCAGCCTCCGCCCCCCCAGGGTTCCAGAGATTCTCCTGCCTCAGCCTCCCAGGTAGCTGGGATTACAGGCATGTGCCACCATACCCAGCTAATTTTTGTATTTTTAGTAGAGAAGGGGTTTCACCGTGTTGGCCAGACTGGTCTCAAACTCCTGACCTCAGGTGATCCGCCTGCCTCTGCCTCCCAAAGTGCTGGGATTGGGGGCATGAACCACCGCACCCAGCCTGAAGTTACTTTGGAAACAAATATATTTGTATATGACAGCTTGTAAAACTGTAGTGAGAAGAGCAGAATCATATATTTCTCAGTGAAAAAGAAACAAATCTTATAATGAAGCACAGAAGAGGCTTTAAGAATTACTGATACCATCTTGCCTTTTCTCCTTTGTTGGTAGGAAATTAGTAAATAAGCCAGGTTTGATGGCTAAAGAGTGATTTCTGGAGTTTTTTAAAAGTTAAAATCTTTTCTTATTAGGCATCCACCTACCCCAGGTTTGGGAAATGGTATTGAATGTTGGGCTTTCCCTTGTGTTTTAGTGATTATTTAAAGCTTGGGA
chr17	29569086	29569288	+	ENST00000583940.5	0	0.62744826391	0.313724131955	GTAGGAGCCCTGGAGGGCCCAGGGAGAGAGGGATGTGAAAGGCTAGCCCAGTCCCGCTCTGTTCTCGCCGCACCCTCCACAGTCACCATCTGAGGACCTCTGCCGGTTCCTCAGTCCTCAGTAGCCAACTTCTCCATCCCAGCCTGGCGCTTGGGGCCTGCCGTCCCCTCCCCACCACACACACACGGAGTCCCCCAACTGC
chr17	75563178	75563300	+	ENST00000167462.9	0	0.62744826391	0.313724131955	GTAGGCAGTGCCCAGGACATGGCAGGCGCCATGTTGCTCTCCCAGGGCCCCAAGTGGCACATACACACTGTGCAGAGGCATGGGGTGCAGGCGATGGGAACGCCGCCTCGGTCCAGCGTGCT
chr16	4871301	4872857	+	ENST00000262376.10	0	0.62744826391	0.313724131955	GTGAGGGCCGTGTGCTGAGATGGGCATCTGTGCAGTCAAGACACGTTTGAACGCTGCTTTTGTGCCAGGCCAACAGGATCCTTGCTCACAGGGAGTCACTGTCTAGCTGCCTCAACTCTGATCTCACCTGAGTAACTGGGGGACATGCAGGTAGCTGGGAAAGGGTCTTCTGGATCTTCCCTGGAGGAAGGGAAGTTGCCTCCAGGGTTTTGTTTTTGTCATTTTTTGTCCCACTTCAGTTGATGTTTGGCCTCCCATCTCAATATGCACTTTCCTTTTTTTTTTTTTTTTTTTTTTTTTTTTGAGATGGAGTCTCGCTCTGTTGCCTGGGCTGGAGTGCAGTGGTATGATCTCAGCTCACTGCAAGCTCCACCTCCCAGGTTCACGCCGTTCTCCTGCCTCAACCTCCCGAGTAGCTGGGACTACAGGTGCCTGCCACCATGCCCGGCTAATTTTTTGTATTTTTAGTAGAAATGGGGTTTCACCGTGTTAGCCAGGATGGTCTCAATCTCCTGACCTTGTGATCTGCCCACCTTGGCCTCCCTAAGTGCTGGGATTACAGGCGTGAGCCACCACACCCGGCCACACTTCCTGTTTTAACATACAGGCTGCTATGAGCATTTGAGAGATGGGTTCATCTTGGGTCTTTCCTGATGTTCCTGAAGAAGTGTCATTTGCAGGTAGCAGGGCTGACTCCTTATTGGAACTAAGTGCCAGGCTTCCATCTCAGAGGCTACCTTGTACGAAGTCACTTCCTGCGAATGAAGTATTTGTGTCATACATGGGACAGAGAAAGTTAGCTGGAGTGATTTTCTTGATTGGACTCGAATCATCTGTTGTGCGGATAGATCTTGGAACCTTTGAAATTGCTGTCCTCTCTACGTAGGCTGGACTCATACGAAGAACGTTTTTGTTGAGTTTCTCTGGACAAAGACATGCTGGGTCACTCCACATTTTATTCCTGGAATGGAGGGACTAGGCAATAAGGAAAGTGCTGTGCCCTTTAGGGAAGCATCACCATGAGAGGTTTGAGGCAGAGCCATACATTTTCTTGGTAAAGGCCAGACTCAGCCTTTGGGCAGCCAGTGTGTCCCATTGAGATCCTCTCACCAGGAATTTGGCTCCCCAATCCATTGACCTTTTTTTTTGTGTGTGTGGGGGGTGGGTGGGCATGGTGGGGGGGCGGGGACAAAGTCTCACTCTGTTGCCCAGACTGGAGTGCAATGGCACGATCTCGGCTCACTGCAACCTCCGCCTCCCCGGTTTGAGCGAATCTCCTGCCTCAGCCTCCCGAGTAGCTGGGATTACAGGCGTGCGCCACCACGCCTGGCTAATTTTAGTATTTTTAGTAGAGACGGGGTTTCACCATGTTGGCCAGGCTGGTCTCGAACTCCTGACCTCAGGTGATCCACCTGCCTTGGCCTCCAAAAGTGCTGGGATTACAGGCGTGAGCCACTGCGCCTGGCCAGTTGACATTTAATGAGGGATAGCTACTGAGGACCAGGGACACTAGCAAAGTTCTGGAAGCAGAGTCCCAGCTTTCTGGGGCATGTACA
chr16	89770048	89770165	-	ENST00000389301.8	0	0.62744826391	0.313724131955	GTGAGGCTCTCCTTCATGGGGGCCACCCTTGGGGGCCCACTCTGAGGGCCAGGCTGCTACTTCTCAATTCGTCTTCAGTGCCCTGGAAAATTCCAGCTTGGAAGAGGGCAGTCTGCT
chr19	3620294	3620706	-	ENST00000429344.7	0	0.941172395865	0.4705861979325	GTAGGCACCCTGCCAGCCCACTGGGCAGGGCCCTCCCTTTCCAGGGCCTGGAGGCCCGCCCCCTTTGGCAGGACTTGAGGGGCTTAAGTGGGAAGTCCTGGGGGCTGGCTTCAGGTAAGGCTGGATCCAGGGGCTCAGACCATGGCCCCAGGAAACTGTTTCCCTCCACCTCTCGGCTCTGCTGGCCTCGGGCCTTCACTCCCACATGCTCCCTTCAGGGTGGCCGAGAGGGCCCCAGCTGATCTGAGCTGCTGAGTCTCGGGCAGGAGGGCCCTCTCCCTTCCCAAGGTCTGTCCACCAGCCCAGGCATCTCCGGACCAATCCCTGTGCCCAGGGCAGCTGGGTGAAGGCTGGGCCCCCATCATCACAGCCCCTCCCCCCGCAGCCCTGCAGACCGCACGGTCCCCGCTGC
chr19	5787378	5787588	-	ENST00000309061.12	0	1.56862065978	0.78431032989	GTAGCGGCCCTGGACGTGTGCCTCGGTTTCCCCATCTGGGCAGGGAGGCACTGACCCAGCCGGCGATGTCTCGGTGGAGGGTCAGGGGTTTGGGCTCAAGTGTGGCCCTGGAGTCCCTGCCTTTCCTGCAGGTCGGCGTCTCCTGGTGGGGGCCTCCGGGCAGCAGGGGTGAGGGGTCTTGGGTCAGCCCACGTCCTGCCCTCCCTCCAC
chr22	36285347	36285657	-	ENST00000216181.10	0	0.62744826391	0.313724131955	GTGGGTGCCAGGACTTCTCCCACTCTGGGCTCTGGCTGGAGCCACCACGGCAGAGCTGGCCTTGGACCCAGCCGGCAGAAGCACAGGCCAAGTGCCAGCTGCTCCCCAGGCGCTTAGGGGAAAATGTCCAGGCACCTGGACCTGAAAGGTCCCCCTCTGGCTTCTGTGTTGGGTGTTCAGAAGTTTCTAATCTTCCCTTTTCTGGGAGACCCAAGACTCTGGACCCCAAGGGTTTGGTGGGATCCTGCTGCCACCTTCCTCTGGCCCTGCTCATGCCCTCCAGCCAGGGCCCCAGCCCTCCCCAAGGTCA
chr22	45542283	45543377	+	ENST00000402984.7	0	0.62744826391	0.313724131955	GTGCGTGGGGGGCCCCGCAGGCCTCGGGGGAACCCAGCCACGTGGCACCAGGGACACATTTCTGTGGCACCTCGAGTGATGTGGTCTGATCCTCATCTCAGATAATCCCAAGTGCAGGCAGACCCTGAGAGAAGATCCTGAGTCAGGAGACCCCATTCTAGCCCCAGCTCTGCTACTGCCCAGCCAGGCGGCCACTGGCACCACCCCCCTGTGTGTGAGCCTGCTCCCCATCTGTGGAAAGGGGTTCTGCTTGACCCAGGACCTCCAAGTGCTGATGAGCCAGGTCTACACATGTGGGCAGCATCAGCGATTTCCTGGAGATTCACCGCTGAGCTGTAGATCCCCAGGAGCTAGAGATGTGTGCCTTTAGCCCAGGGCAGCGAGGGGAAAAGTTGACCAGGAGTGGGGTCAGGTCTTGTCCAGCCAGTGCCTGCTGTCACCAAACCTAGGTGCTCAGGGAAGCCTGGCAGCTGCCAACCACTCCCCCAAAGTGGGCACTTTGCTAGATCCTGGCAGACCCTCCTTGTGGGTCCTGGGGAGGAGGACTGGCAGGAGGGCACAAGTTCAGATGTGCTGCCGCAGAAGGAGCACGAGGCTCGCCCACCAGGCAGGCACAGCGCGGCAGTCCCGGCTCTCCCACTGACTTCCCGCATGCTCGGGACAAGTCACTTTGCATTCCTTGTCTGAGAAATGAGGCTGGAGGCCAGGCGCGATGGCTCATGCCTGTAATCCCAGCACTTTGGGAGGCTAAGGCAGGTGAATCACTTGAGGTCAGGAGTTTGAGACCAGCCTGGCCAACATGACGAAACCTCATCTCTACAAAAAATACAAAAATTAGCCGGGCGTGGTGGCACATGCCTGTAATCCCTGTTACTTGGGAGGCTGAGGCAGGAGAATCACTTGAACTGGGAGGCGGAGGTTGCAGTGAGCTGAGATCATGCCACTGCAATCCAGCCTAGGAGACAGAGCGAGACTCCATCTCAAAGATGAAGGAAAAAAAAGAAATGAGGCTGGAGGAGGTGGAGGACAAAGGACATGAGCTGGCCTTACTAGGAGGGTGGAGTGTGGTGCCACTGTGTTGGACATTGCCCTGA
chr7	100345968	100349709	+	ENST00000473757.5	0	0.62744826391	0.313724131955	GTAAGTCGCCCCATCCTTATTACTCCAGGTGACACTGACTGGGGTTTATGGGATGAAAGAGGAGTGTGTGCTTGGATGATGGGGTGTGATAGTGAAGGGGTGAAAGGTTTCTTCTCACACATAGACATCGTGAGGTCTTCCTTGAGCTCTTTAGAGCCTTCCCTCGGGATAGGATGAAATACTGAGATCCTAGAAAGGATTCACAAGACGAGTCACTCATCAGTGCAGATTCACCGATTCACCCCTAGATGTGTGTGGGATTTGGATGGCAGAGAGAAACAGGCACTGAAGATTTTTGGTCAGGACAGGGCAGAGAAATAAGGAGAAGAGTTGAAAATTCACCAAAGGATAGATAAACCCGGGGCGTTTAGAGAAAACCTGTAGTGTGCAAAGGAGCCCAGAATCCTGGGGAAACTTGGAGGGAAATATACTTAATTTGATTCACTAAGTTAGGCCCAGTGAAGGGATTGGGTGGCATAGGTAGAAGCCGAAAAATAAAGCATCTTGTATTGCTGGAATAGCCTCTGTTTCTGAGGTCACATCCAAACTTAGCGAGGCAGCTTAACCTGGTGAGAGACACGGGTTCAACTCCTGGCTTCTGCACTGCCAGGGCAAAGGACTGCCGTTTGCTGACACAGTCTTGTAATTCAATTTAATTTTTTAACCAAGGTGTGGGAGAAGGCAGCTCCGCATAATGCTGAATATTATGGGTTCTGAAGCGAAAATTTTTGTCAGGGTTTAAATTTTGGCTTCATTGTGTAAGTAGCCCTTCCACCCCGGGCAAGTTATTTCCCACATAAAGCAATTGCTAAGTATGGAGCTGATGTACGTGCATCACTGAGAATGGGTTTAGCACATAGTATCCACTGAAGACGCTATCTTGCATTAGCTGTATTACTGTGATAAAGGATAAGCTATAATTAAAGTTACAGAGGAACAAAAGCAGCCCTTTTCACAACATTTAAAACATGCATGTAAAAATAAATGCAGCAGTGACAAGTCTTATGCTACAAACTCAGAAGAGCAGAAACAACTTTATTTTTCCTCTATGATTTCAAGCTCTTTTTCTGCCCAGCTGCTGAGAAAATTTAACTCCTGAGTCTTCTTGGCTTCCTTCCTTTTCCCTAAGGTTGTGTCAAGTGCCAAAGCATTTAGGGGAGGGAGGAGGCCTCTAGTCCTCTGTCAAAAATATTTTGGATTTTTATAGTCATTTCCCTTTCTCTGTGGTGAGACTAGGCCCTCCAGGACCCTGTGTTTTGGCCCCAGGAATTGAGGCCATCTGAATCAGCTGCCTGGGTTCCTGTCTGCAGTGGGCCCCATGGGCCTACAGAAGAACAGAGGCTGCTCAGGGCTGGGCTGTTTGCTGCCCAGAACCAAGGCTAGGATGAGGAGCTCAGACTCTTCCAGTGGAAGCAGTGCTAGGACGGAAGACAGCCGCCCCTGAAGAGGGGACATTGACATACAGTTGATCTGCCTGGGAAGGTGTAATAGAGATGAACTTGTGTCATCGCATCTTTCACACAAGCCACAAAGAAAGCTAATCCTGATTCCTGGTGAGAAGAAACCAAACTCGAGGAATGTTTTATATCACAGGACGGTCACAGCCTGTACTGGGGCACGAGCCAGGGCTGAGTAGAGTGCTGCCCCTGCACTCACTGACTTGATCCTCTCATTTACTCTGTGGAGCAGTCCCTGTTGGGATCCTGCTGCTTTGGGAAATTGCTCTGTTAAGCTTGCAGAGCTATGAAATTGTGGCCCTATTTCAAACCCATGAGGGCCTGATTCTACAGACTGACCACTGGGCTCTTTTACTTCAGCAGGACTTGGGCTGGGGCTGCAGGGATTTCACCAAGGAATGTCAGGCAGGAGGTGGCCATTGTGAAACCTGTCCCATCTTGCCTGTACCTCCTGGCTGAAAGTGGGATGCAGGACTTAGATTGCCAAGCTTAGGAATTATTTGTGGCTCTGCTGTTCACAATTTTGGAGAATGTTAAGGAATACTCAAGAAGTTGTGAGAGTAAGGGCCCTCACATATATCAGAACATGAAAGCATTCCAGTTAGGACCTTGTGATATTGAAACTAGAATAAGCAACCCAGTGGATAGACTGTGAAAGAGAATCCACATATAGACCTATGTGTAAGAATTTATGATCAAGGTGGCATTTTGAAACAGTAGGGAAGGAGCCCAGCAGCAAATGGTCTGGGGAATCCTGGCCCTCCACCTGAGACGTTACACGGCTCTTTTTTTGAGACGGAGTTTTGCTCTTGTGCCCAGGCTGGAGTGCAATGGTGGGATCTCGGCTCACCACAACCTCCGCCCCTGGGTTTAAGCGGTTCTCCTGCCTCAGCCTCCCAAGTAGGTGGCATTACAGGCATGCGCCACCACACCCAGCTAATTTTGTATATTTAGTAGAGATGGGATTTCTCCATGTTGGTCAGGTTGGTCTCGAACTCCTGACCTCAAGTGATCCACCTGCCTCGGCCTCCCAAAGTGCTGGGATTACAGGCATGAGCCACTGCACCCAGCTACACAGCCTTTTTTTTTTTCTTTTTTTGAGACAGAGTCTCGCTCTGTCACCCAGGCTGGAGTGCAGTGGCGCGATCTCTGCTCACCGCAAGCTCCGCCTCCCGGGTTCACGCCATTCTCCTGCCTCAGCCTCCTGAGTAGCTGGGACTACAGGCGCCCGCCACCACACCCAGCTAATTTTTTTCGTATTTTTAGTAGAGACAGGGTTTCATCGTGTTAGCCAGGACAGTCTCGATCTCCTAACCTCATGATCTGCCTGCCTCGGCCTCCCAAAGTGTTGGGATTACAGGCATGAGCCACCATGCCCGGCCTACACAGCCTTTTTAACACCACCTCCAAAGTAAAGTTCTTCATGGACTAGGAAGAAACTCTTTATAGAGTTATGCATAAAAACAAAGCCATAAAAATATTTTCATAATCTTAGCCTTCCTAAGGAATACACAAACAGAAATGATAATGTTAAAGATCAAGCCTCATGAGAATTCAAACAGGGAGGGGAACAGAAGGAGCTGGCCAAAGGAGAACTTTGTGTTCTATGTTGTTTGAATCTTACACAATGAGAATTTAGGGGATAATGTGACTTAAAAAATTGAAAAAAAAAATGAAAATGGTGGGTAGTCAACTTTGCACCATGGCTTTTAAATCCCTCAATAAATTCTGGGCTCCCCATATTGGGGTGAATAAAAGACACACTTCCTCCAGGGCTCAGCATCCACCTGTGAAAATGCCCCCAGGACTGTCGAGAACCCAGCTGGGAGGCCACTTGGATGATTATCCAAGAAGTAAGGGCGCAGTACTTTGGGGCAGCTTCCTGAAGGTGGTGGGATTTGATCTCCTTCTTACAAAGTGGGATTTCAGCAGGTGGTGTAGGGAAGTTTAAATTTTTTCCCTGAAGGTTTGATAATCTGAGTCTATGAAACAAACATAAAACATTAACAGGAAAAAAAACCGACTTAAAAATGTTACTACGTGCACACATGTGCACAAGTCATACAAAATATATAAAAAAATAAATGGCCAGATGGTTGACACTTTTATACCCATCTTGAAATTACAGAAATAACGGGAGGCCTGGAGCGCAGCAAGACAGATTAGGGGAAGGGGAGAGGAGAGACTTGGCTAGCAAAGGTCTTGTTCTGCAGGTGACATCTCACAGCTGGTACTCTGCGGAGCCTGTGGTAGGCAAGTCCTTCAGACCCTTAAAGGGGTCCGC
chr7	131506064	131506259	-	ENST00000446198.5	0	1.88234479173	0.941172395865	GTAAGCGGCCCCCCAAGTGTGGGGACAGAGTGGCTCCGAAGCCCCTTGTGGGAGGTCTGGTTACTCCCCTCTCTCTGTGGGGAGGAACCCCGTCATGTGCCTGCATGTAGAAGAGGGCGGCGGCACGGACCCTAGCAGACTGCAAGCGGAGGGGCTCTACAGTGAAGCCGGGGGCTGAGGGAGAGAGGATGCCCC
chr6	39912402	39912891	-	ENST00000373181.8	0	0.62744826391	0.313724131955	GTTAGGGAGCAGGAGGGTGTGGGGCAGGCCTGGAGGAAGGTCGTACCTCCACCCTAGGATGGAGAGCTAGCAGGGAGCTGCACTGTGGTGGGGATGCTGTGATGTGGGATGGTACCATTTAAGCAGGAAGCATCAGTGCTATCACAACCACCTCCCTGTTTCATGGATGAAGATGTGGGCTCGGCTAGGGTGGGGGGCTCAGTAACATGTCAGAGGACACACTCCAGGAAGTGGCAGAGAGGGGTGCTCATCCCGCTTCCACGCAGACTTTTCTAAACATGCTGCCCACAGGTCCCTGCCTTAGCAGCTTTTATCTAGGGCAAGCCAGGCATAGGTCAACCCATGGGTCATCCATCCTACCAGAGTCTTCTATCACCTGAGGGCCTTGGGTGGAGCTTCACGTGGGGTCCTCTGGGAGAGGGTTGAGGAGTGGAGGTTCTGATGTCATGGAGTGAGAAACTGGGCTCAGTAGCCCATCCCCTCCACTGC
chr6	43139271	43139373	+	ENST00000230419.9	0	0.62744826391	0.313724131955	GTGAGCCAGCATGTCTTGGGGGAGCACCCTTCCTGGCTAGGCAGGAGAGGAAAGGGGAGGGAGCAGCAGGCCTGGCCACGGCCTCTCCAGCGGCCCCAATTC
chr5	116480299	116482443	-	ENST00000343348.10	0	0.62744826391	0.313724131955	GTATGTGCAAATATTCATATGGCTATTTTAAACTTTAGAAATGGCAAAGCTTGCACCTCTGATAATGAACATCCTATGAACTGCGCACCAGTGCCTTCCATGCCAGCCAAGCAGATTGCCTTCATCTCATTAACCAAAACCCAAAGTTACCTTCTCATATACTCAAACCAATGTTCCTCTAGTCTTCTGCTTAACCTCCATATATGTTATTTATCCAACGTAACACTACAATGGTGGAAACCATCTGAGGTGTCACTGGCTTATAGTTGGGAAAACTGAGGCCTGGAGAGGTAAAGGGTATTGTACAAGTTCAATAGCGGGGGTTGGGGGTGGTGATTTCCGCTGCTTCTTTATGCTTCCTTTCAATTTTATAGAGACCCATGTCTTTAAACCCAAATAAAATATGAAATATAAATAGTGTTTTCCGGATTTGTGACCAAGCTGGATCAGAGCTCAGTCTAGGACTCTAGACCGAGGGTGAGAAGAATCCAGCGGGTACAGTGGACCATTAAGATGTCTCTGGTCTGCCAGGTTTTGGTCTGTTTTGGGTCCAAATACAGTGCAGTGTCCTCCTCCCCAAATCATGGCTTAGAATTCTTTTCATGGGATACTATGGTCCAGAGGCAACCCAGAGACCTCTCAGTCCTATGTAGTCTCTTCCCAAACAGGCTAATTCATCCTAACTGGGACAGGAGGGAAGTCCCCGCTAAGCCCTTTGCGTGCCTCTCTTCTGTGGCACGCACTCACACCTCCATTGCAGCATTTGCACTCCAAGTTTCATAGAAACAACCCATGGTGTCTGTCTTCCCCAGGAGTTGTGTGCCTCTGGAAGGAAGCCCAATGTCTTACTAATTTTTTTGTTTTTCAACTCTCTTCCGCAACCTCCAGTCCTCCCCACAACATACCTAGCCAAGTACACTTACATGAACTAACTTAGATAATACGAACCACTTAAACCCAGAGGAGAAACTCATCCATCTTCATTACCTGAATTATCTGGCATGTTGATATTCTGTTACTTATGGAGAGCAGACTAGGTGTGAAAAGCACACCCCAGCAACCTCAGACAGATAGTCTTAAGTCATTGCCTGGGATTGTTAACTACCTTCTAGATAGTTCTAGATAGTTCCTTCTAGCAGGAAGGGGAGTTCAGCCTGAGGGATCAGGTTTCAGTAAGTTCTTATGTAATACCCTCTCCTTGGTATGTAAAGATGGTGTCACTCAACCAATACCAGCACACATACTTTAAGTGATTTTCTACTAATGGCAGTGAGTTTAATTAAACATCCTTCCACATGCCTGCCTCGTCCCTCTTGCAGCAGTCAGGATGCTCTACGGGGCTGGCTGGGTTAGTGCCTTGAGACAGTGTGGACATAGGAGTGGTTCATGCTGGTGTCGTGAGGGTCCAATCTCCTCTTCTGCACCACCCAGGCAAACCAGGTGTCTGGACAAGATGGGTTTCAGTGTTTCCCTAATCTGACTTTGCTGGGATGACCCTTGACTCCTGAAACCATAGAATTTCTTGTAGAAGCAAATTTTTATGGTCGTCATTCAATGACAAGAAATGACCTTTCAGGAAAGAATCTGATATAATTGGCTTTTCATACCTGCCAAAATCAAACAAAAATAAAAACAACAATAAGAAACAAAACCAAAATGTTCTCTGAGCGAGCCCCAGGTAATGAAACATGATTACACGGAGTCTTGCTGGCACATACCCTGGTGAGTTTTGGAGAGTCTTTTCTTTCTACACTTGCGAAAACGTCAACCTAATTCTTTCCCTCTGTAGAGTAAATGCATGAGGAATCTCTAGCAGCCTTTTTGGATAAGTAAAACCATCCCCGAGATATGTGCAAACCACACTCACTCACTTGTTTCAAGCTCCATCACTGTTTACTGAGGTTTGTTTGTGCTTCTGGGAGGAAGCCAGCCTGCCCCCAGCTGAGGCTGAACTGTGCTGGCTGAGGCTCCTCAGAAATGAGGAGGCGGCTCAGAGGAAATCTCAGCATATTGTGCTTGGTGGCATTCTGCATTGTTCAACTTCCTCCTCTCAGGCTGCAGTACATTCTCCTCCATTCCAGATGCTTAGAGAAGCAGTTCATTCAAAGAATTTGCCATAAGGCAGAAAATAAGCTCCCTCCTTC
chr3	52490231	52490678	+	ENST00000479054.5	0	0.62744826391	0.313724131955	GTAGGCACAGGGCCTGCTGGGGCTCAGGAGCTTGGAGTGTGTGGTTGGGGCAGGCCTGGGGGGTCATTCTCTGGAGCCAGCTGTGTGGCTTCAGGCAGCAGTCAGCGACTTGGCTGCAGTGGGCTGAGAGTTCCTTGTCTGAGGAAGGGAGCTGTCATGAGGGAGGGGTCCATGGCCAGATGTGAACGCAGAATGCACTGAGCCAGGGCCTGGTGACTGCTTGGGAACAGCCAGTGATGAGAAGGGGTTAGGCAGCCTTTGCCCCTGGGGCTGCACAGGAAGCCCTAGCCAGCGACCTGGTGACTCCCCTGAGCTGGAAGAGGCTCCGACTCCAGAGGGCATTGCCTATGGGGCTTTGCACGGGTGGAAGCCAGGCCAGCCAAGAGGACCTGTTCCTGCTGGATGTGCTGCACACCTAGGAACCTTGTGCTTGCCTGCCACCGCCTC
chr1	29060484	29060608	+	ENST00000642260.1	0	0.62744826391	0.313724131955	GTTTGTATGAACTTGAAGCTTATTTCAGTTGGTTGCCTGGAACCTTCTGCATTCTTTGCTGATCCCCTTTTCTTCATTCTGTGCTGCATTTGGTTTTGCATGCAATTGCATGAAGGGACTTTAG
chr1	44776140	44776644	+	ENST00000497035.5	0	0.62744826391	0.313724131955	GTGGGTGCGAGCGTGGGCCTGTCCGCCTGGGAGGTCGCCTTCCCCCGCTCTCCAGCGTGCTCGGGTCTTTCCGTGTGACAGTTGTGCGTTCTTTCTTGGGCTCTGATTTCTCTGTAGTAGGGCCTGGGTGTCCTGTCCCCCTTTAGCTGTTGGATAAGTAAGTACCAAAGAGGGAATGCTCCCTCAGGCCCCCAAACCTGGAGCTTAGGATTTCAGAGAGAAGGATACTGTGTGGGGACTTGAGCTTCTGGAGAGGGTGGCGCCTCGCGTCATAGTCAGAAGCCTAGTCTTGTTTTTTTTACAGAGGCTTAATTTTCAGCATTTGGGGTCAGGCTTTCCTCTTGGAGGCAAGTAGGGTGATGAAAAAGAATCCTTAGGCGTGGTTGTGGCCGTCTTGGTCACCTGTGTGCCACTTGCCAATGCAAGGACTTGTCATAGTTACACTGACTGTTGCCTCCTCCCGGCCCAGGTTCCTCTCCCTCACTTGCCTTGCTCTCCTTGGTA
chr9	35664149	35664371	-	ENST00000490638.5	0	0.62744826391	0.313724131955	GTAACCTGGAGATGACCTCAAATCTTGCCCCTTACCTTTCCCCTTCATCTGGAGACCCAAACTTCATACATTTCCTGCATTTATAGAGCCCTCTGGGTGCTCAGCTCTGTGGTAAGTTCCTTGTAGAGAAACGAGAGTTTCTCTCAGGAGCACAGCTTACTGAAGGCTGGGAATGTGGATACAGATGAATGCAATATAAGGAGTGGCTTCTCTCCCTGCTTC
chr9	128826170	128826383	-	ENST00000361256.10	0	1.56862065978	0.78431032989	GTAACGCTGTATGGGCCCGCCCCCCCATTTCCCCTGGATCATGCCACAGACACTGAGACCACCCAGTCCTACCCTGCGCTGTCCAGGTGGGAAAGCAGGCCTGGGAGAGCAAGACCTGTGTCTGATGCCAAGACGCAGGTCTGTGGCAGAGCCGGTACTCCGCTCCAGGGTCCCCACTGCACCCTGTGTGCCCTAGCACTTCCCAGACTCTTC
chr9	129638684	129639201	-	ENST00000450050.6	0	0.941172395865	0.4705861979325	GTGGGTGCCTCCTGCAGGAAAGCAGGACAGCTGGGCCCCCAGGCACCTTGTGGGGGACACCCAGGGTGCCCCAGGACAACAGCTAGGTGGGCAGACTGGATGCTGGCCCTGGCTGGTGGCACAGCATGGCTGGGCACACAGGGATTCTGCTGACTTGCTGAGCTCAGAGGCTTCAGAGAGGCAGTGCAGTCATTGTCCCTGTGCTGGCCCTCAAGGGCCTTCTATAGGAAGAAATAGGGCATGTGTGCACTTAGTTTCCAAGAAACAATGGCTTCCCATTGGGAGAGGCCCAGCCAACATCTCAGGTAGCATCTTGGGGTCCAGAAAAATCCTACCTTTCCTGGCCTTTCCGCTCCCACTTCTCTGGGTGGAAAGGGAATGGCCAGAAGCCTGTCACCCTCAGCCCTCACCTGAGCTGAGAGTTGTCTCTGAAAGTTCATCTTCTGATCCTCTGAGTGTCTGGATTTCTGCCACCTCCTCTGGGTTGCCCTGACCTGGGCTTCCTGGCCTCCTGCTC
